hold_id,hold,state,closure_evidence,warning
HOLD-01,"P0.2 CAM supplier/process acceptance, normalized XYRS, DFM and first article",OPEN,"controlled record with exact article identity, method, result, reviewer and approval","PRELIMINARY - NOT APPROVED FOR PROCUREMENT, FABRICATION, ASSEMBLY, CONNECTION, POWERED TESTING, MOTION, OR ENERGIZATION"
HOLD-02,"Watchdog PCB-P1.0 supplier-normalized manufacturing package, provider/process acceptance and first article",SELECTION REQUIRED,"controlled record with exact article identity, method, result, reviewer and approval","PRELIMINARY - NOT APPROVED FOR PROCUREMENT, FABRICATION, ASSEMBLY, CONNECTION, POWERED TESTING, MOTION, OR ENERGIZATION"
HOLD-03,"E2 received physical configuration, continuity/isolation/no-backfeed evidence and four-role authorization",NOT EXECUTED,"controlled record with exact article identity, method, result, reviewer and approval","PRELIMINARY - NOT APPROVED FOR PROCUREMENT, FABRICATION, ASSEMBLY, CONNECTION, POWERED TESTING, MOTION, OR ENERGIZATION"
HOLD-04,"Limiter-carrier provider, process, stackup acceptance and first article",SELECTION REQUIRED,"controlled record with exact article identity, method, result, reviewer and approval","PRELIMINARY - NOT APPROVED FOR PROCUREMENT, FABRICATION, ASSEMBLY, CONNECTION, POWERED TESTING, MOTION, OR ENERGIZATION"
HOLD-05,Carrier input-harness source-side terminals and exact cut lengths,SELECTION REQUIRED,"controlled record with exact article identity, method, result, reviewer and approval","PRELIMINARY - NOT APPROVED FOR PROCUREMENT, FABRICATION, ASSEMBLY, CONNECTION, POWERED TESTING, MOTION, OR ENERGIZATION"
HOLD-06,Carrier output-harness star-side terminals and exact cut lengths,SELECTION REQUIRED,"controlled record with exact article identity, method, result, reviewer and approval","PRELIMINARY - NOT APPROVED FOR PROCUREMENT, FABRICATION, ASSEMBLY, CONNECTION, POWERED TESTING, MOTION, OR ENERGIZATION"
HOLD-07,"Received panel, board, standoff, screw and connector fit",NOT EXECUTED,"controlled record with exact article identity, method, result, reviewer and approval","PRELIMINARY - NOT APPROVED FOR PROCUREMENT, FABRICATION, ASSEMBLY, CONNECTION, POWERED TESTING, MOTION, OR ENERGIZATION"
HOLD-08,"Branch protection current-limit, reverse-energy, transient, thermal and fault characterization",NOT EXECUTED,"controlled record with exact article identity, method, result, reviewer and approval","PRELIMINARY - NOT APPROVED FOR PROCUREMENT, FABRICATION, ASSEMBLY, CONNECTION, POWERED TESTING, MOTION, OR ENERGIZATION"
HOLD-09,"Complete configuration review by qualified electrical, mechanical and functional-safety reviewers",SELECTION REQUIRED,"controlled record with exact article identity, method, result, reviewer and approval","PRELIMINARY - NOT APPROVED FOR PROCUREMENT, FABRICATION, ASSEMBLY, CONNECTION, POWERED TESTING, MOTION, OR ENERGIZATION"
HOLD-10,Separate written work authorization for each physical stage,NOT AUTHORIZED,"controlled record with exact article identity, method, result, reviewer and approval","PRELIMINARY - NOT APPROVED FOR PROCUREMENT, FABRICATION, ASSEMBLY, CONNECTION, POWERED TESTING, MOTION, OR ENERGIZATION"
HOLD-11,Independent P1.15-to-P1.17 core-parity and P0.5 integration review,SELECTION REQUIRED,qualified review disposition tied to exact commit and native sources,"PRELIMINARY - NOT APPROVED FOR PROCUREMENT, FABRICATION, ASSEMBLY, CONNECTION, POWERED TESTING, MOTION, OR ENERGIZATION"
HOLD-12,Raspberry Pi 5/RP1 GPIO and 3V3 loading acceptance plus STANDBY/ramp/brownout evidence,SELECTION REQUIRED,manufacturer disposition and controlled physical measurements,"PRELIMINARY - NOT APPROVED FOR PROCUREMENT, FABRICATION, ASSEMBLY, CONNECTION, POWERED TESTING, MOTION, OR ENERGIZATION"
HOLD-13,"P0.5 fabricator/assembler DFM, received identity, first article and fault/thermal/EMC evidence",NOT EXECUTED,"provider responses, inspection records and controlled test evidence","PRELIMINARY - NOT APPROVED FOR PROCUREMENT, FABRICATION, ASSEMBLY, CONNECTION, POWERED TESTING, MOTION, OR ENERGIZATION"
HOLD-14,"Observation field and compute harness exact cut lengths, routing, termination and continuity/pull evidence",SELECTION REQUIRED,"as-built route survey, released drawings and signed physical records","PRELIMINARY - NOT APPROVED FOR PROCUREMENT, FABRICATION, ASSEMBLY, CONNECTION, POWERED TESTING, MOTION, OR ENERGIZATION"
HOLD-15,"Add exact observation assemblies, hardware and harness quantities to the hierarchical BOM",DESIGN REQUIRED,"reviewed BOM rows with exact quantities, identities, closure classes and receiving evidence","PRELIMINARY - NOT APPROVED FOR PROCUREMENT, FABRICATION, ASSEMBLY, CONNECTION, POWERED TESTING, MOTION, OR ENERGIZATION"
HOLD-16,Independent qualified review of exact five-file P0.8 arm integration,SELECTION REQUIRED,"signed disposition tied to exact commit, binding hashes, assembly hash and checker results","PRELIMINARY - NOT APPROVED FOR PROCUREMENT, FABRICATION, ASSEMBLY, CONNECTION, POWERED TESTING, MOTION, OR ENERGIZATION"
HOLD-17,"Mechanical provider DFM, material/MTR and first-article inspection for C01/C04/C05/C06/C07",NOT EXECUTED,"provider response, received identities, material records and completed FAI traveler","PRELIMINARY - NOT APPROVED FOR PROCUREMENT, FABRICATION, ASSEMBLY, CONNECTION, POWERED TESTING, MOTION, OR ENERGIZATION"
HOLD-18,"As-built arm fit, mass/inertia, structural proof, collision, stop, cable and guard validation",NOT EXECUTED,controlled physical test records and qualified acceptance against exact articles,"PRELIMINARY - NOT APPROVED FOR PROCUREMENT, FABRICATION, ASSEMBLY, CONNECTION, POWERED TESTING, MOTION, OR ENERGIZATION"
HOLD-19,Physical/HIL mechanical acceptance hash for the source-bound integrated P0.8/P0.3 candidate,NOT EXECUTED,"accepted as-built, calibration, hard-stop, stopping, backlash/compliance/tolerance and guarded-HIL evidence with immutable SHA-256; qualified approval","PRELIMINARY - NOT APPROVED FOR PROCUREMENT, FABRICATION, ASSEMBLY, CONNECTION, POWERED TESTING, MOTION, OR ENERGIZATION"
HOLD-20,Independent P1.18 point-to-point topology and P1.15 logic-parity disposition,SELECTION REQUIRED,signed review against exact native source/netlist/schedules,"PRELIMINARY - NOT APPROVED FOR PROCUREMENT, FABRICATION, ASSEMBLY, CONNECTION, POWERED TESTING, MOTION, OR ENERGIZATION"
HOLD-21,Received enclosure/backplate/node/rail/duct dimensional reconciliation,NOT EXECUTED,received identities and accepted measurements in the controlled frame,"PRELIMINARY - NOT APPROVED FOR PROCUREMENT, FABRICATION, ASSEMBLY, CONNECTION, POWERED TESTING, MOTION, OR ENERGIZATION"
HOLD-22,"DR5/WD4 kerf, tolerance, cut, deburr, coating, hole, fastener and bonding release",DESIGN REQUIRED,qualified manufacturing/electrical disposition and released drawings,"PRELIMINARY - NOT APPROVED FOR PROCUREMENT, FABRICATION, ASSEMBLY, CONNECTION, POWERED TESTING, MOTION, OR ENERGIZATION"
HOLD-23,"Exact node accessories, markers, partitions/covers, rail retention and access",SELECTION REQUIRED,accepted complete accessory BOM and received-fit evidence,"PRELIMINARY - NOT APPROVED FOR PROCUREMENT, FABRICATION, ASSEMBLY, CONNECTION, POWERED TESTING, MOTION, OR ENERGIZATION"
HOLD-24,"Exact conductor entry points, routes, cut lengths, door loom and end preparations",DESIGN REQUIRED,released route/cut/termination schedule with calculations and samples,"PRELIMINARY - NOT APPROVED FOR PROCUREMENT, FABRICATION, ASSEMBLY, CONNECTION, POWERED TESTING, MOTION, OR ENERGIZATION"
HOLD-25,"Duct fill, separation, loading, protection, thermal and fault closure",NOT EXECUTED,accepted calculations plus calibrated physical evidence,"PRELIMINARY - NOT APPROVED FOR PROCUREMENT, FABRICATION, ASSEMBLY, CONNECTION, POWERED TESTING, MOTION, OR ENERGIZATION"
HOLD-26,Installed point-to-point and qualified electrical/functional-safety acceptance,NOT EXECUTED,"signed as-built inspection, test and review records","PRELIMINARY - NOT APPROVED FOR PROCUREMENT, FABRICATION, ASSEMBLY, CONNECTION, POWERED TESTING, MOTION, OR ENERGIZATION"
HOLD-27,WD5/WD2 exact junction and accessory application,SELECTION REQUIRED,manufacturer or qualified accepted junction drawing,"PRELIMINARY - NOT APPROVED FOR PROCUREMENT, FABRICATION, ASSEMBLY, CONNECTION, POWERED TESTING, MOTION, OR ENERGIZATION"
HOLD-28,WD5 conductor/fill/thermal and adjacency closure,NOT EXECUTED,accepted calculations and physical inspection,"PRELIMINARY - NOT APPROVED FOR PROCUREMENT, FABRICATION, ASSEMBLY, CONNECTION, POWERED TESTING, MOTION, OR ENERGIZATION"
HOLD-29,P1.21/R241 independent and qualified disposition,NOT EXECUTED,signed configuration and safety review,"PRELIMINARY - NOT APPROVED FOR PROCUREMENT, FABRICATION, ASSEMBLY, CONNECTION, POWERED TESTING, MOTION, OR ENERGIZATION"
HOLD-30,P1.21 conductor color and XD24/XD0 identification convention,SELECTION REQUIRED,qualified Boston/US code and project identification disposition,"PRELIMINARY - NOT APPROVED FOR PROCUREMENT, FABRICATION, ASSEMBLY, CONNECTION, POWERED TESTING, MOTION, OR ENERGIZATION"
HOLD-31,"P1.21 DCR, cut length, voltage-drop, ampacity, protection and thermal closure",NOT EXECUTED,"received measurements, calculations, coordination and accepted limits","PRELIMINARY - NOT APPROVED FOR PROCUREMENT, FABRICATION, ASSEMBLY, CONNECTION, POWERED TESTING, MOTION, OR ENERGIZATION"
HOLD-32,complete WD2 occupancy and installed conductor-route acceptance,NOT EXECUTED,"segment register, as-built inspection and qualified review","PRELIMINARY - NOT APPROVED FOR PROCUREMENT, FABRICATION, ASSEMBLY, CONNECTION, POWERED TESTING, MOTION, OR ENERGIZATION"
HOLD-33,P1.21 exact terminal application and driver-bit acceptance,NOT EXECUTED,signed source-backed physical and qualified record,"PRELIMINARY - NOT APPROVED FOR PROCUREMENT, FABRICATION, ASSEMBLY, CONNECTION, POWERED TESTING, MOTION, OR ENERGIZATION"
HOLD-34,Received strip/crimp/pull and calibrated torque-tool evidence,NOT EXECUTED,signed source-backed physical and qualified record,"PRELIMINARY - NOT APPROVED FOR PROCUREMENT, FABRICATION, ASSEMBLY, CONNECTION, POWERED TESTING, MOTION, OR ENERGIZATION"
HOLD-35,"Installed fourteen-endpoint retention, torque, continuity, isolation and qualified acceptance",NOT EXECUTED,signed source-backed physical and qualified record,"PRELIMINARY - NOT APPROVED FOR PROCUREMENT, FABRICATION, ASSEMBLY, CONNECTION, POWERED TESTING, MOTION, OR ENERGIZATION"
HOLD-36,"Received-lot DCR, actual cuts and temperature-normalized conductor evidence",NOT EXECUTED,signed source-backed physical and qualified record,"PRELIMINARY - NOT APPROVED FOR PROCUREMENT, FABRICATION, ASSEMBLY, CONNECTION, POWERED TESTING, MOTION, OR ENERGIZATION"
HOLD-37,Complete source/return/contact/load voltage budget and qualified acceptance limits,NOT EXECUTED,signed source-backed physical and qualified record,"PRELIMINARY - NOT APPROVED FOR PROCUREMENT, FABRICATION, ASSEMBLY, CONNECTION, POWERED TESTING, MOTION, OR ENERGIZATION"
HOLD-38,"Exact Pilz/Phoenix bits, physical fit, installed voltage/thermal evidence and signed acceptance",NOT EXECUTED,signed source-backed physical and qualified record,"PRELIMINARY - NOT APPROVED FOR PROCUREMENT, FABRICATION, ASSEMBLY, CONNECTION, POWERED TESTING, MOTION, OR ENERGIZATION"
HOLD-39,Complete installed P1.21 control-loop static resistance and voltage-drop bound,SELECTION REQUIRED,"Selected series parts, released routes, temperature/aging/uncertainty policy and received four-wire measurements","PRELIMINARY - NOT APPROVED FOR PROCUREMENT, FABRICATION, ASSEMBLY, CONNECTION, POWERED TESTING, MOTION, OR ENERGIZATION"
HOLD-40,"P1.21 simultaneous pickup, brownout, foldback and recovery behavior",NOT EXECUTED,Source/manufacturer limits plus configuration-bound installed traces and fault injection,"PRELIMINARY - NOT APPROVED FOR PROCUREMENT, FABRICATION, ASSEMBLY, CONNECTION, POWERED TESTING, MOTION, OR ENERGIZATION"
HOLD-41,Qualified review of complete P1.21 supply/watchdog application,NOT EXECUTED,"Signed electrical and functional-safety disposition against frozen source, wiring and evidence","PRELIMINARY - NOT APPROVED FOR PROCUREMENT, FABRICATION, ASSEMBLY, CONNECTION, POWERED TESTING, MOTION, OR ENERGIZATION"
HOLD-42,Five successor shop drawings and formal datum/GD&T qualified disposition,NOT EXECUTED,Signed review against exact drawing/STEP/DXF hashes,"PRELIMINARY - NOT APPROVED FOR PROCUREMENT, FABRICATION, ASSEMBLY, CONNECTION, POWERED TESTING, MOTION, OR ENERGIZATION"
HOLD-43,Authorized provider capability/DFM response against exact R247 payload,NOT EXECUTED,"Transmission record, response and internal disposition","PRELIMINARY - NOT APPROVED FOR PROCUREMENT, FABRICATION, ASSEMBLY, CONNECTION, POWERED TESTING, MOTION, OR ENERGIZATION"
HOLD-44,Five custom-part first articles and fastener/joint evidence,NOT EXECUTED,"MTR, 30 FAI operations, stacks, torque/locking and proof","PRELIMINARY - NOT APPROVED FOR PROCUREMENT, FABRICATION, ASSEMBLY, CONNECTION, POWERED TESTING, MOTION, OR ENERGIZATION"
HOLD-45,Configuration-bound unpowered full-arm assembly and qualified acceptance,NOT EXECUTED,"21-step traveler, nine joint rows, mass/COM/inertia, clearances and signed disposition","PRELIMINARY - NOT APPROVED FOR PROCUREMENT, FABRICATION, ASSEMBLY, CONNECTION, POWERED TESTING, MOTION, OR ENERGIZATION"
HOLD-46,Received 17-row moving-mass measurement and itemization,NOT EXECUTED,Configuration-bound physical evidence and signed review,"PRELIMINARY - NOT APPROVED FOR PROCUREMENT, FABRICATION, ASSEMBLY, CONNECTION, POWERED TESTING, MOTION, OR ENERGIZATION"
HOLD-47,Loose-to-assembled mass reconciliation,NOT EXECUTED,Configuration-bound physical evidence and signed review,"PRELIMINARY - NOT APPROVED FOR PROCUREMENT, FABRICATION, ASSEMBLY, CONNECTION, POWERED TESTING, MOTION, OR ENERGIZATION"
HOLD-48,Two-axis reaction COM measurement and uncertainty,NOT EXECUTED,Configuration-bound physical evidence and signed review,"PRELIMINARY - NOT APPROVED FOR PROCUREMENT, FABRICATION, ASSEMBLY, CONNECTION, POWERED TESTING, MOTION, OR ENERGIZATION"
HOLD-49,Calibrated J1/J2 bifilar inertia and uncertainty,NOT EXECUTED,Configuration-bound physical evidence and signed review,"PRELIMINARY - NOT APPROVED FOR PROCUREMENT, FABRICATION, ASSEMBLY, CONNECTION, POWERED TESTING, MOTION, OR ENERGIZATION"
HOLD-50,Qualified acceptance and downstream analysis reconciliation,NOT EXECUTED,Configuration-bound physical evidence and signed review,"PRELIMINARY - NOT APPROVED FOR PROCUREMENT, FABRICATION, ASSEMBLY, CONNECTION, POWERED TESTING, MOTION, OR ENERGIZATION"
HOLD-51,Accepted six-row physical-property bundle,NOT EXECUTED,Configuration-bound accepted evidence and signed review,"PRELIMINARY - NOT APPROVED FOR PROCUREMENT, FABRICATION, ASSEMBLY, CONNECTION, POWERED TESTING, MOTION, OR ENERGIZATION"
HOLD-52,Coordinate-frame and pose-transform reconciliation,NOT EXECUTED,Configuration-bound accepted evidence and signed review,"PRELIMINARY - NOT APPROVED FOR PROCUREMENT, FABRICATION, ASSEMBLY, CONNECTION, POWERED TESTING, MOTION, OR ENERGIZATION"
HOLD-53,Regenerated load/stop/containment/structure analyses,NOT EXECUTED,Configuration-bound accepted evidence and signed review,"PRELIMINARY - NOT APPROVED FOR PROCUREMENT, FABRICATION, ASSEMBLY, CONNECTION, POWERED TESTING, MOTION, OR ENERGIZATION"
HOLD-54,Regenerated firmware limits and HIL,NOT EXECUTED,Configuration-bound accepted evidence and signed review,"PRELIMINARY - NOT APPROVED FOR PROCUREMENT, FABRICATION, ASSEMBLY, CONNECTION, POWERED TESTING, MOTION, OR ENERGIZATION"
HOLD-55,Qualified integrated acceptance and separate work authority,NOT EXECUTED,Configuration-bound accepted evidence and signed review,"PRELIMINARY - NOT APPROVED FOR PROCUREMENT, FABRICATION, ASSEMBLY, CONNECTION, POWERED TESTING, MOTION, OR ENERGIZATION"
