source_id,organization,title,url,document_revision_or_date,access_date,verified_claim_boundary,project_acceptance_effect,warning
FSR-SRC-01,TÜV SÜD,ISO 13849 and IEC 62061 - Manufacturing and Machinery,https://www.tuvsud.com/en-us/services/functional-safety/iso-13849-iec-62061,Live US service page; rechecked 2026-08-11,2026-08-11,"SRS, PLr/SIL selection, achieved performance evaluation, validation and ISO 12100 risk-assessment services","CAPABILITY LEAD ONLY - PROVIDER, PERSONNEL, SCOPE AND PROJECT ACCEPTANCE UNVERIFIED","PRELIMINARY - NOT APPROVED FOR PROCUREMENT, FABRICATION, ASSEMBLY, CONNECTION, POWERED TESTING, MOTION, OR ENERGIZATION"
FSR-SRC-02,TÜV SÜD,US imprint,https://www.tuvsud.com/en-us/imprint,Live imprint; rechecked 2026-08-11,2026-08-11,"TÜV SÜD America Inc., 401 Edgewater Place Suite 500, Wakefield MA 01880, +1 978 573-2500","CAPABILITY LEAD ONLY - PROVIDER, PERSONNEL, SCOPE AND PROJECT ACCEPTANCE UNVERIFIED","PRELIMINARY - NOT APPROVED FOR PROCUREMENT, FABRICATION, ASSEMBLY, CONNECTION, POWERED TESTING, MOTION, OR ENERGIZATION"
FSR-SRC-03,TÜV Rheinland,Functional safety of machinery,https://www.tuv.com/usa/en/functional-safety-of-machinery.html,Live US service page; rechecked 2026-08-11,2026-08-11,"Machinery assessment, PL/SIL calculation, function/system validation and software assessment route","CAPABILITY LEAD ONLY - PROVIDER, PERSONNEL, SCOPE AND PROJECT ACCEPTANCE UNVERIFIED","PRELIMINARY - NOT APPROVED FOR PROCUREMENT, FABRICATION, ASSEMBLY, CONNECTION, POWERED TESTING, MOTION, OR ENERGIZATION"
FSR-SRC-04,Pilz,Safety validation for machinery safety,https://www.pilz.com/en-US/services/machinery-safety/validation,Live US service page; rechecked 2026-08-11,2026-08-11,Three validation levels; published Level 2 neutral-body language; highest level includes fault simulation,"CAPABILITY LEAD ONLY - PROVIDER, PERSONNEL, SCOPE AND PROJECT ACCEPTANCE UNVERIFIED","PRELIMINARY - NOT APPROVED FOR PROCUREMENT, FABRICATION, ASSEMBLY, CONNECTION, POWERED TESTING, MOTION, OR ENERGIZATION"
FSR-SRC-05,Pilz,US headquarters,https://www.pilz.com/en-US/company/locations?q=pilz+distributors,Live location page; rechecked 2026-08-11,2026-08-11,"7150 Commerce Boulevard, Canton MI 48187; +1 734 354-0272; info@pilzusa.com","CAPABILITY LEAD ONLY - PROVIDER, PERSONNEL, SCOPE AND PROJECT ACCEPTANCE UNVERIFIED","PRELIMINARY - NOT APPROVED FOR PROCUREMENT, FABRICATION, ASSEMBLY, CONNECTION, POWERED TESTING, MOTION, OR ENERGIZATION"
FSR-SRC-06,Schmersal,tec.nicum consulting,https://www.schmersalusa.com/services/safety-services/tecnicum-consulting,Live US service page; rechecked 2026-08-11,2026-08-11,ISO 12100/ISO 13849 machine risk analysis and named US functional-safety contact; complete validation scope not established,"CAPABILITY LEAD ONLY - PROVIDER, PERSONNEL, SCOPE AND PROJECT ACCEPTANCE UNVERIFIED","PRELIMINARY - NOT APPROVED FOR PROCUREMENT, FABRICATION, ASSEMBLY, CONNECTION, POWERED TESTING, MOTION, OR ENERGIZATION"
FSR-SRC-07,ISO,ISO 12100:2010,https://www.iso.org/standard/51528.html,Edition 1; published 2010-11; rechecked 2026-08-11,2026-08-11,Risk-assessment and risk-reduction methodology,"CAPABILITY LEAD ONLY - PROVIDER, PERSONNEL, SCOPE AND PROJECT ACCEPTANCE UNVERIFIED","PRELIMINARY - NOT APPROVED FOR PROCUREMENT, FABRICATION, ASSEMBLY, CONNECTION, POWERED TESTING, MOTION, OR ENERGIZATION"
FSR-SRC-08,ISO,ISO 13849-1:2023,https://www.iso.org/standard/73481.html,Edition 4; published 2023-04; rechecked 2026-08-11,2026-08-11,SRP/CS design and integration; does not select this project's PLr,"CAPABILITY LEAD ONLY - PROVIDER, PERSONNEL, SCOPE AND PROJECT ACCEPTANCE UNVERIFIED","PRELIMINARY - NOT APPROVED FOR PROCUREMENT, FABRICATION, ASSEMBLY, CONNECTION, POWERED TESTING, MOTION, OR ENERGIZATION"
FSR-SRC-09,ISO,ISO 13849-2:2012,https://www.iso.org/standard/53640.html,Edition 2; published 2012-10; rechecked 2026-08-11,2026-08-11,Validation by analysis and test,"CAPABILITY LEAD ONLY - PROVIDER, PERSONNEL, SCOPE AND PROJECT ACCEPTANCE UNVERIFIED","PRELIMINARY - NOT APPROVED FOR PROCUREMENT, FABRICATION, ASSEMBLY, CONNECTION, POWERED TESTING, MOTION, OR ENERGIZATION"
