hold_id,item,closure_evidence,state,authority,warning
CF-H01,fixture PCB/enclosure DFM and FAI,"fabricator stackup/finish, Hammond internal fit, supports, connector cutouts, labels and strain relief",OPEN,"NO PROCUREMENT, FABRICATION, ASSEMBLY, ROBOT CONNECTION, POWERED-ROBOT-TEST, MOTION, WALKING OR ENERGIZATION AUTHORITY","PRELIMINARY - UNBUILT OFF-ROBOT MEASUREMENT CALIBRATION FIXTURE - ZERO SAFETY CREDIT - NOT APPROVED FOR PROCUREMENT, FABRICATION, ASSEMBLY, CONNECTION TO THE ROBOT, POWERED ROBOT TESTING, MOTION, WALKING OR ENERGIZATION"
CF-H02,exact cable construction,"wire, plugs, terminations, polarity, labels, continuity, retention and short/open adapter controls",OPEN,"NO PROCUREMENT, FABRICATION, ASSEMBLY, ROBOT CONNECTION, POWERED-ROBOT-TEST, MOTION, WALKING OR ENERGIZATION AUTHORITY","PRELIMINARY - UNBUILT OFF-ROBOT MEASUREMENT CALIBRATION FIXTURE - ZERO SAFETY CREDIT - NOT APPROVED FOR PROCUREMENT, FABRICATION, ASSEMBLY, CONNECTION TO THE ROBOT, POWERED ROBOT TESTING, MOTION, WALKING OR ENERGIZATION"
CF-H03,received calibrated instruments,"serials, firmware, self-test, certificates, due dates and exact configuration",OPEN,"NO PROCUREMENT, FABRICATION, ASSEMBLY, ROBOT CONNECTION, POWERED-ROBOT-TEST, MOTION, WALKING OR ENERGIZATION AUTHORITY","PRELIMINARY - UNBUILT OFF-ROBOT MEASUREMENT CALIBRATION FIXTURE - ZERO SAFETY CREDIT - NOT APPROVED FOR PROCUREMENT, FABRICATION, ASSEMBLY, CONNECTION TO THE ROBOT, POWERED ROBOT TESTING, MOTION, WALKING OR ENERGIZATION"
CF-H04,qualified calibration procedure and limits,approved point set/current limit/settling/sample duration/fit/residual/noise/crosstalk/uncertainty criteria,OPEN,"NO PROCUREMENT, FABRICATION, ASSEMBLY, ROBOT CONNECTION, POWERED-ROBOT-TEST, MOTION, WALKING OR ENERGIZATION AUTHORITY","PRELIMINARY - UNBUILT OFF-ROBOT MEASUREMENT CALIBRATION FIXTURE - ZERO SAFETY CREDIT - NOT APPROVED FOR PROCUREMENT, FABRICATION, ASSEMBLY, CONNECTION TO THE ROBOT, POWERED ROBOT TESTING, MOTION, WALKING OR ENERGIZATION"
CF-H05,fixture build and inspection,"all passive continuity, insulation, enclosure, connector and labeling tests executed",OPEN,"NO PROCUREMENT, FABRICATION, ASSEMBLY, ROBOT CONNECTION, POWERED-ROBOT-TEST, MOTION, WALKING OR ENERGIZATION AUTHORITY","PRELIMINARY - UNBUILT OFF-ROBOT MEASUREMENT CALIBRATION FIXTURE - ZERO SAFETY CREDIT - NOT APPROVED FOR PROCUREMENT, FABRICATION, ASSEMBLY, CONNECTION TO THE ROBOT, POWERED ROBOT TESTING, MOTION, WALKING OR ENERGIZATION"
CF-H06,eight complete-chain calibration executions,three repeats per point plus polarity/open/noise characterization and immutable raw data,OPEN,"NO PROCUREMENT, FABRICATION, ASSEMBLY, ROBOT CONNECTION, POWERED-ROBOT-TEST, MOTION, WALKING OR ENERGIZATION AUTHORITY","PRELIMINARY - UNBUILT OFF-ROBOT MEASUREMENT CALIBRATION FIXTURE - ZERO SAFETY CREDIT - NOT APPROVED FOR PROCUREMENT, FABRICATION, ASSEMBLY, CONNECTION TO THE ROBOT, POWERED ROBOT TESTING, MOTION, WALKING OR ENERGIZATION"
CF-H07,independent metrology/electrical review,"accepted uncertainty budget, fit method, traceability and channel dispositions",OPEN,"NO PROCUREMENT, FABRICATION, ASSEMBLY, ROBOT CONNECTION, POWERED-ROBOT-TEST, MOTION, WALKING OR ENERGIZATION AUTHORITY","PRELIMINARY - UNBUILT OFF-ROBOT MEASUREMENT CALIBRATION FIXTURE - ZERO SAFETY CREDIT - NOT APPROVED FOR PROCUREMENT, FABRICATION, ASSEMBLY, CONNECTION TO THE ROBOT, POWERED ROBOT TESTING, MOTION, WALKING OR ENERGIZATION"
CF-H08,robot-side source-tap package,"separate device-specific terminal hardware, loading/fault review and installed source-tail evidence",OPEN,"NO PROCUREMENT, FABRICATION, ASSEMBLY, ROBOT CONNECTION, POWERED-ROBOT-TEST, MOTION, WALKING OR ENERGIZATION AUTHORITY","PRELIMINARY - UNBUILT OFF-ROBOT MEASUREMENT CALIBRATION FIXTURE - ZERO SAFETY CREDIT - NOT APPROVED FOR PROCUREMENT, FABRICATION, ASSEMBLY, CONNECTION TO THE ROBOT, POWERED ROBOT TESTING, MOTION, WALKING OR ENERGIZATION"
CF-H09,FER-G11 closure,"signed whole-session instruments, numeric abort limits, dry rehearsal and qualified stage authorization",OPEN,"NO PROCUREMENT, FABRICATION, ASSEMBLY, ROBOT CONNECTION, POWERED-ROBOT-TEST, MOTION, WALKING OR ENERGIZATION AUTHORITY","PRELIMINARY - UNBUILT OFF-ROBOT MEASUREMENT CALIBRATION FIXTURE - ZERO SAFETY CREDIT - NOT APPROVED FOR PROCUREMENT, FABRICATION, ASSEMBLY, CONNECTION TO THE ROBOT, POWERED ROBOT TESTING, MOTION, WALKING OR ENERGIZATION"
