path,bytes,sha256,warning
head-equipment-register.csv,4518,508bba491550bae7694370f1eb11194b05a0ab96b390571cc53a725c9ff3cbba,"PRELIMINARY - UNBUILT HEAD HMI HARNESS CANDIDATE - NOT APPROVED FOR PROCUREMENT, CONNECTION, POWERED TESTING, MOTION OR ENERGIZATION"
head-hmi-harness.svg,3155,c1715d0172497db471375b6d9d62821e0a0e26c62912d0dd0249c8c0a849cd53,"PRELIMINARY - UNBUILT HEAD HMI HARNESS CANDIDATE - NOT APPROVED FOR PROCUREMENT, CONNECTION, POWERED TESTING, MOTION OR ENERGIZATION"
head-hmi-source.py,31583,c17fb41ba29aafdef7e09c0a89ed7745308476b617d900a97bb5bfcd02595ddc,"PRELIMINARY - UNBUILT HEAD HMI HARNESS CANDIDATE - NOT APPROVED FOR PROCUREMENT, CONNECTION, POWERED TESTING, MOTION OR ENERGIZATION"
head-hmi-status.json,922,1304866ff38bcfb30be325eaae71b6d65f45868af0b510cc2b666a2dbf765354,"PRELIMINARY - UNBUILT HEAD HMI HARNESS CANDIDATE - NOT APPROVED FOR PROCUREMENT, CONNECTION, POWERED TESTING, MOTION OR ENERGIZATION"
head-interface-link-register.csv,4910,a3049492e7753de09f0a0cdbcddea2ff7edbd3f52f2d15fadc26be59e3b9a11e,"PRELIMINARY - UNBUILT HEAD HMI HARNESS CANDIDATE - NOT APPROVED FOR PROCUREMENT, CONNECTION, POWERED TESTING, MOTION OR ENERGIZATION"
head-route-retention-register.csv,4452,0d47975b59168fc4e28e11bc51a16e2158aa03be362ec740b53169675237a312,"PRELIMINARY - UNBUILT HEAD HMI HARNESS CANDIDATE - NOT APPROVED FOR PROCUREMENT, CONNECTION, POWERED TESTING, MOTION OR ENERGIZATION"
index.html,7699,d6d277f2fcd6f97df06e7ca7229227363d6c9416e74568c311cd07f3becf60de,"PRELIMINARY - UNBUILT HEAD HMI HARNESS CANDIDATE - NOT APPROVED FOR PROCUREMENT, CONNECTION, POWERED TESTING, MOTION OR ENERGIZATION"
inspection-test-plan.csv,4634,a10213eb74a365c0b3ccb4f4254ef2abea99e2050bd448d1e5eb44298afa8dce,"PRELIMINARY - UNBUILT HEAD HMI HARNESS CANDIDATE - NOT APPROVED FOR PROCUREMENT, CONNECTION, POWERED TESTING, MOTION OR ENERGIZATION"
open-holds.csv,4193,0eafc0eafbe0efec78c8aedc8f44192a0c2de881f11cdbf430f82bea31190f80,"PRELIMINARY - UNBUILT HEAD HMI HARNESS CANDIDATE - NOT APPROVED FOR PROCUREMENT, CONNECTION, POWERED TESTING, MOTION OR ENERGIZATION"
primary-source-register.csv,5652,14dc81ca7b68489f7d2a03f62c0a514e9e6b7436bac44293df5de3147fe6390b,"PRELIMINARY - UNBUILT HEAD HMI HARNESS CANDIDATE - NOT APPROVED FOR PROCUREMENT, CONNECTION, POWERED TESTING, MOTION OR ENERGIZATION"
privacy-control-boundary.csv,3320,a14516bc3676bdf3b1879d0806d41e316664a4a905bc37d41aaf76e6e6437891,"PRELIMINARY - UNBUILT HEAD HMI HARNESS CANDIDATE - NOT APPROVED FOR PROCUREMENT, CONNECTION, POWERED TESTING, MOTION OR ENERGIZATION"
README.md,415,04ababc77fa632d068de53a251e113d0d943d4b365730094dc1dbf3304642c32,"PRELIMINARY - UNBUILT HEAD HMI HARNESS CANDIDATE - NOT APPROVED FOR PROCUREMENT, CONNECTION, POWERED TESTING, MOTION OR ENERGIZATION"
source-binding.csv,2521,a2c70237379f1b2ca35248816a993e52dd864279e7b4564d9ee6b5608d583444,"PRELIMINARY - UNBUILT HEAD HMI HARNESS CANDIDATE - NOT APPROVED FOR PROCUREMENT, CONNECTION, POWERED TESTING, MOTION OR ENERGIZATION"
