path,bytes,sha256
acceptance-matrix.csv,5668,e1f2f6a57be18f7e8c480d1cff40e815db463bd25a5e6edcf9224997fe8dfc5f
bom-integration-map.csv,3458,077db0d6d7c1d49051e5433e2a441e160a2d263156be1fc824438bc45612e812
current-configuration-map.csv,8790,c4e2c4eabd65257c846945bf390e78289f06829af3e9e8248182cb421d7e0dcc
gate-impact.csv,4372,c8845b16848d15de40125ed26732ad6f634ed24152870280ec67944beaddb13d
open-holds.csv,8037,dfd2f2c7e726ce7f76d0f30b4a72cc5acfee083158f1229e46082a01fdb33543
package-status.json,991,8e4e0084a3e6d700058f2ba92782c9473957f61f38f3434d33c937f1f4ae088a
README.md,329,bd60d6a9c9afecdf0a1b9cfc5a402ad0be61b43b9212333c395b46373d2c0a0a
source-hash-register.csv,6758,eb290f9096bbe4610f31b033f7dc6e6eba252613101a6690e72ce949cb5667f6
supersession-map.csv,3399,0c47e6b8ecc7acb9a2d6ec2891f66384ecb64e240d8536c1ee3cc68f070bcdb3
