gate_id,domain,status,evidence_added,remaining_evidence,gate_closed,warning
EG-002,configuration,partial,"HR-V0-MECH-BOM-BIND-P0.3 / HR-V0-FW-MECH-SRC-BIND-P0.1; HR-V0-P121-STATIC-VOLTAGE-BUDGET-P0.1 exact loop/source/headroom/missing-input register; HR-V0-MECH-SHOP-RFQ-ASSY-P0.1 successor drawings/RFQ/unpowered assembly definition; HR-V0-JOINT-STACK-FIXTURE-P0.1 exact-source review geometry, contact/keepout screen and fail-closed temporary-stack instruction; HR-V0-JOINT-STACK-FIXTURE-P0.2 rank-6 nominal 3-2-1 correction and current ROBOTIS evidence register; HR-V0-JOINT-MET-P0.2 five-method metrology split and fail-closed uncertainty-input register; HR-V0-LOT-A-INQUIRY-P0.2 current unsent supplier/metrology inquiry and response-evaluation route; HR-V0-JOINT-MEAS-DEF-P0.1 exact CAD feature/measurand definition; HR-V0-LOT-A-INQUIRY-P0.3 exact-feature and characteristic-level inquiry route; HR-V0-OBS-BOM-INTEGRATION-P0.1; HR-V0-OBS-MOUNT-STACK-P0.1 exact mounting candidates and nominal stack screens; HR-V0-U2D2-JC1-HARNESS-P0.1 exact data/reference-only harness candidate and blank physical evidence contract; HR-V0-U2D2-JC1-HARNESS-RFQ-P0.1 deterministic unsent manufacturer-build request and response-evaluation contract; HR-V0-DXL-PROT-CARRIER-HARNESS-P0.2 six-identity harness, corrected population, source-terminal candidate and panel-collision reconciliation; HR-V0-DXL-CARRIER-MOUNT-IF-P0.2 transformed hole/connector datums and inert fit-check contract; HR-V0-CARRIER-FIT-EVID-CAP-P0.1 blank raw physical-fit capture and stop-work contract; HR-V0-LOT-A-DECISION-CAP-P0.1 current official-page snapshot and local-only decision capsule; HR-V0-LOT-A-ALT-ROUTE-P0.1 exact actuator marketplace route comparison and split-basket hold","accepted immutable commit, clean-clone reproduction and qualified configuration acceptance; R223 panel topology/placement independent review, received fit and physical closure; R241 junction/conductor/fill/physical/qualified closure; R242 color/DCR/cut/protection/full-fill/thermal/physical/qualified closure; R243 terminal application, bits, calibration, received coupons, installed retention/torque and qualified acceptance; R244 received DCR/cuts/complete-circuit limits, exact bits, physical and qualified acceptance; R245 successor shop drawings/datum-GD&T/RFQ/assembly definition plus received, physical/HIL and qualified acceptance; accepted installed static/dynamic voltage budget and physical/qualified evidence; formal GD&T, provider DFM, FAI, physical assembly/proof and qualified release; received parts; selected fixture material/contact force/restraint/hardware/tolerances; fixture FAI; physical fit/keepout proof; accepted uncertainty; signed temporary hardware instruction; separate unpowered-session authorization; executed records and qualified disposition; supplier SKU/protocol confirmation; selected preload/restraint/material/tolerances; qualified constraint/load review; fixture FAI; received fit/stability/keepout proof; executed records; received articles; accepted method-specific supports/datums/instruments/uncertainty budgets; signed temporary assembly instruction where applicable; executed raw evidence and qualified disposition; separately authorized transmissions; accepted written supplier identity/quote; received articles; accepted provider methods/calibration/uncertainty; executed physical evidence; received feature match; executed measurements; numeric uncertainty; accepted limits; qualified disposition; authorized transmission; attributable returned bids; received feature match; accepted methods/uncertainty; executed results; exact observation mounting/cuts, provider/received/physical/qualified evidence; current orderability, received no-strain fit, torque/load/thermal/creep, drilling, routes/cuts and qualified acceptance; received endpoint route; raw cut/crimp process; continuity/isolation/no-backfeed/waveform evidence; qualified acceptance and stage authority; authorized transmission; attributable provider response/quote; accepted drawing/process; first article; physical/system evidence; qualified acceptance; received placement/sweep; exact circuit assignment; measured cuts; qualified termination processes; physical electrical/thermal/fault results; qualified acceptance and authority; received three-dimensional fit; hole/process release; route/cut proof; load/thermal tests; qualified acceptance and separate authority; separately authorized session; received identities; calibrated instruments; executed raw measurements/photos; deviation disposition; qualified acceptance; attributable seller identity/allocation/quote response; signed maximum-spend/ship-to/receiver/purchaser decision; received quarantine evidence; dated carts/quotes and allocation for both sellers; signed owner roles/spend/scope; received quarantine and identity evidence",NO,"PRELIMINARY - NOT APPROVED FOR PROCUREMENT, FABRICATION, ASSEMBLY, CONNECTION, POWERED TESTING, MOTION, OR ENERGIZATION"
EG-003,BOM,partial,"HR-V0-MECH-BOM-BIND-P0.3 / HR-V0-FW-MECH-SRC-BIND-P0.1; HR-V0-MECH-SHOP-RFQ-ASSY-P0.1 successor drawings/RFQ/unpowered assembly definition; HR-V0-LOT-A-INQUIRY-P0.2 current unsent supplier/metrology inquiry and response-evaluation route; HR-V0-JOINT-MEAS-DEF-P0.1 exact CAD feature/measurand definition; HR-V0-LOT-A-INQUIRY-P0.3 exact-feature and characteristic-level inquiry route; HR-V0-OBS-BOM-INTEGRATION-P0.1; HR-V0-OBS-MOUNT-STACK-P0.1 exact mounting candidates and nominal stack screens; HR-V0-U2D2-JC1-HARNESS-P0.1 exact data/reference-only harness candidate and blank physical evidence contract; HR-V0-U2D2-JC1-HARNESS-RFQ-P0.1 deterministic unsent manufacturer-build request and response-evaluation contract; HR-V0-DXL-PROT-CARRIER-HARNESS-P0.2 six-identity harness, corrected population, source-terminal candidate and panel-collision reconciliation; HR-V0-DXL-CARRIER-MOUNT-IF-P0.2 transformed hole/connector datums and inert fit-check contract; HR-V0-CARRIER-FIT-EVID-CAP-P0.1 blank raw physical-fit capture and stop-work contract; HR-V0-LOT-A-DECISION-CAP-P0.1 current official-page snapshot and local-only decision capsule; HR-V0-LOT-A-ALT-ROUTE-P0.1 exact actuator marketplace route comparison and split-basket hold","remaining exact selections, supplier/process evidence, received inspection and signed release; observation assemblies/harness BOM closure, Pi acceptance, DFM, exact lengths and physical verification; mechanical DFM/FAI, received identity, fit, proof and qualified release; R223 panel topology/placement independent review, received fit and physical closure; R241 junction/conductor/fill/physical/qualified closure; R242 color/DCR/cut/protection/full-fill/thermal/physical/qualified closure; R243 terminal application, bits, calibration, received coupons, installed retention/torque and qualified acceptance; R244 received DCR/cuts/complete-circuit limits, exact bits, physical and qualified acceptance; R245 successor shop drawings/datum-GD&T/RFQ/assembly definition plus received, physical/HIL and qualified acceptance; formal GD&T, provider DFM, FAI, physical assembly/proof and qualified release; separately authorized transmissions; accepted written supplier identity/quote; received articles; accepted provider methods/calibration/uncertainty; executed physical evidence; received feature match; executed measurements; numeric uncertainty; accepted limits; qualified disposition; authorized transmission; attributable returned bids; received feature match; accepted methods/uncertainty; executed results; exact observation mounting/cuts, provider/received/physical/qualified evidence; current orderability, received no-strain fit, torque/load/thermal/creep, drilling, routes/cuts and qualified acceptance; received endpoint route; raw cut/crimp process; continuity/isolation/no-backfeed/waveform evidence; qualified acceptance and stage authority; authorized transmission; attributable provider response/quote; accepted drawing/process; first article; physical/system evidence; qualified acceptance; received placement/sweep; exact circuit assignment; measured cuts; qualified termination processes; physical electrical/thermal/fault results; qualified acceptance and authority; received three-dimensional fit; hole/process release; route/cut proof; load/thermal tests; qualified acceptance and separate authority; separately authorized session; received identities; calibrated instruments; executed raw measurements/photos; deviation disposition; qualified acceptance; attributable seller identity/allocation/quote response; signed maximum-spend/ship-to/receiver/purchaser decision; received quarantine evidence; dated carts/quotes and allocation for both sellers; signed owner roles/spend/scope; received quarantine and identity evidence",NO,"PRELIMINARY - NOT APPROVED FOR PROCUREMENT, FABRICATION, ASSEMBLY, CONNECTION, POWERED TESTING, MOTION, OR ENERGIZATION"
EG-004,electrical,partial,HR-V0-P121-DCR-DROP-P0.1; HR-V0-P121-STATIC-VOLTAGE-BUDGET-P0.1 exact loop/source/headroom/missing-input register,"supplier-normalized watchdog data, provider/process acceptance, physical terminals, ratings, wiring, tests and qualified review; observation assemblies/harness BOM closure, Pi acceptance, DFM, exact lengths and physical verification; R223 panel topology/placement independent review, received fit and physical closure; R241 junction/conductor/fill/physical/qualified closure; R242 color/DCR/cut/protection/full-fill/thermal/physical/qualified closure; R243 terminal application, bits, calibration, received coupons, installed retention/torque and qualified acceptance; R244 received DCR/cuts/complete-circuit limits, exact bits, physical and qualified acceptance; accepted installed static/dynamic voltage budget and physical/qualified evidence",NO,"PRELIMINARY - NOT APPROVED FOR PROCUREMENT, FABRICATION, ASSEMBLY, CONNECTION, POWERED TESTING, MOTION, OR ENERGIZATION"
EG-014,branch protection,partial,"HR-V0-P121-DCR-DROP-P0.1; HR-V0-P121-STATIC-VOLTAGE-BUDGET-P0.1 exact loop/source/headroom/missing-input register; HR-V0-DXL-PROT-CARRIER-HARNESS-P0.2 six-identity harness, corrected population, source-terminal candidate and panel-collision reconciliation; HR-V0-DXL-CARRIER-MOUNT-IF-P0.2 transformed hole/connector datums and inert fit-check contract; HR-V0-CARRIER-FIT-EVID-CAP-P0.1 blank raw physical-fit capture and stop-work contract","carrier PCBA manufacture, characterization, fault/thermal/EMC evidence and acceptance; R223 panel topology/placement independent review, received fit and physical closure; R243 terminal application, bits, calibration, received coupons, installed retention/torque and qualified acceptance; R244 received DCR/cuts/complete-circuit limits, exact bits, physical and qualified acceptance; accepted installed static/dynamic voltage budget and physical/qualified evidence; received placement/sweep; exact circuit assignment; measured cuts; qualified termination processes; physical electrical/thermal/fault results; qualified acceptance and authority; received three-dimensional fit; hole/process release; route/cut proof; load/thermal tests; qualified acceptance and separate authority; separately authorized session; received identities; calibrated instruments; executed raw measurements/photos; deviation disposition; qualified acceptance",NO,"PRELIMINARY - NOT APPROVED FOR PROCUREMENT, FABRICATION, ASSEMBLY, CONNECTION, POWERED TESTING, MOTION, OR ENERGIZATION"
EG-015,harness and installation,partial,HR-V0-P121-DCR-DROP-P0.1; HR-V0-P121-STATIC-VOLTAGE-BUDGET-P0.1 exact loop/source/headroom/missing-input register; HR-V0-OBS-BOM-INTEGRATION-P0.1; HR-V0-OBS-MOUNT-STACK-P0.1 exact mounting candidates and nominal stack screens; HR-V0-U2D2-JC1-HARNESS-P0.1 exact data/reference-only harness candidate and blank physical evidence contract; HR-V0-U2D2-JC1-HARNESS-RFQ-P0.1 deterministic unsent manufacturer-build request and response-evaluation contract,"source/star terminations, cut lengths, routing, crimp/pull/continuity evidence and fit; observation assemblies/harness BOM closure, Pi acceptance, DFM, exact lengths and physical verification; R223 panel topology/placement independent review, received fit and physical closure; R242 color/DCR/cut/protection/full-fill/thermal/physical/qualified closure; R243 terminal application, bits, calibration, received coupons, installed retention/torque and qualified acceptance; R244 received DCR/cuts/complete-circuit limits, exact bits, physical and qualified acceptance; accepted installed static/dynamic voltage budget and physical/qualified evidence; exact observation mounting/cuts, provider/received/physical/qualified evidence; current orderability, received no-strain fit, torque/load/thermal/creep, drilling, routes/cuts and qualified acceptance; received endpoint route; raw cut/crimp process; continuity/isolation/no-backfeed/waveform evidence; qualified acceptance and stage authority; authorized transmission; attributable provider response/quote; accepted drawing/process; first article; physical/system evidence; qualified acceptance",NO,"PRELIMINARY - NOT APPROVED FOR PROCUREMENT, FABRICATION, ASSEMBLY, CONNECTION, POWERED TESTING, MOTION, OR ENERGIZATION"
EG-010,compute power,partial,HR-V0-P121-DCR-DROP-P0.1; HR-V0-P121-STATIC-VOLTAGE-BUDGET-P0.1 exact loop/source/headroom/missing-input register; HR-V0-OBS-BOM-INTEGRATION-P0.1; HR-V0-OBS-MOUNT-STACK-P0.1 exact mounting candidates and nominal stack screens,"Raspberry Pi 5 3V3 header-load and RP1 DC acceptance; STANDBY/ramp/brownout/back-power measurements; qualified review; R223 panel topology/placement independent review, received fit and physical closure; R242 color/DCR/cut/protection/full-fill/thermal/physical/qualified closure; R243 terminal application, bits, calibration, received coupons, installed retention/torque and qualified acceptance; R244 received DCR/cuts/complete-circuit limits, exact bits, physical and qualified acceptance; accepted installed static/dynamic voltage budget and physical/qualified evidence; exact observation mounting/cuts, provider/received/physical/qualified evidence; current orderability, received no-strain fit, torque/load/thermal/creep, drilling, routes/cuts and qualified acceptance",NO,"PRELIMINARY - NOT APPROVED FOR PROCUREMENT, FABRICATION, ASSEMBLY, CONNECTION, POWERED TESTING, MOTION, OR ENERGIZATION"
EG-012,diagnostic safety boundary,partial,HR-V0-P121-DCR-DROP-P0.1,"qualified fault/CCF review and physical fault injection proving the zero-credit observation path cannot impair credited E-stop or restart prevention; R241 junction/conductor/fill/physical/qualified closure; R242 color/DCR/cut/protection/full-fill/thermal/physical/qualified closure; R243 terminal application, bits, calibration, received coupons, installed retention/torque and qualified acceptance; R244 received DCR/cuts/complete-circuit limits, exact bits, physical and qualified acceptance",NO,"PRELIMINARY - NOT APPROVED FOR PROCUREMENT, FABRICATION, ASSEMBLY, CONNECTION, POWERED TESTING, MOTION, OR ENERGIZATION"
EG-005,mechanical configuration,partial,"HR-V0-MECH-BOM-BIND-P0.3 / HR-V0-FW-MECH-SRC-BIND-P0.1; HR-V0-MECH-SHOP-RFQ-ASSY-P0.1 successor drawings/RFQ/unpowered assembly definition; HR-V0-MOVING-PROP-CLOSURE-P0.1 blank complete moving-properties execution contract; HR-V0-PROP-PROPAGATION-P0.1 fail-closed property propagation/stale-screen control; HR-V0-JOINT-STACK-FIXTURE-P0.1 exact-source review geometry, contact/keepout screen and fail-closed temporary-stack instruction; HR-V0-JOINT-STACK-FIXTURE-P0.2 rank-6 nominal 3-2-1 correction and current ROBOTIS evidence register; HR-V0-JOINT-MET-P0.2 five-method metrology split and fail-closed uncertainty-input register; HR-V0-LOT-A-INQUIRY-P0.2 current unsent supplier/metrology inquiry and response-evaluation route; HR-V0-JOINT-MEAS-DEF-P0.1 exact CAD feature/measurand definition; HR-V0-LOT-A-INQUIRY-P0.3 exact-feature and characteristic-level inquiry route; HR-V0-LOT-A-DECISION-CAP-P0.1 current official-page snapshot and local-only decision capsule; HR-V0-LOT-A-ALT-ROUTE-P0.1 exact actuator marketplace route comparison and split-basket hold; HR-V0-GDT-REVIEW-P0.2 exact feature-family and DOF strategy; non-equivalent tolerance-zone correction; HR-V0-J2-STOP-STRENGTH-P0.1 corrected single-rail load screen and widened P0.9 nominal geometry candidate; HR-V0-J2-STOP-FEA-P0.1 exact-C06 three-level linear FEA exposes non-conservative beam result and rejects P0.10; HR-V0-J2-SOFT-CONTACT-PAD-P0.2 exact P0.12 contact/force/work and pad published-force boundary; HR-V0-J2-PAD-POCKET-P0.1 exact pocket plan, dependent-depth rule, retention failure boundary and inspection route; HR-V0-J2-STOP-PAD-POCKET-FEA-P0.1 exact-normal P0.13 metal-perimeter/pocket-floor linear screens","qualified acceptance of exact P0.8 integration; received article identity, dimensional FAI, complete mass/inertia, fit and as-built configuration evidence; R243 terminal application, bits, calibration, received coupons, installed retention/torque and qualified acceptance; R244 received DCR/cuts/complete-circuit limits, exact bits, physical and qualified acceptance; R245 successor shop drawings/datum-GD&T/RFQ/assembly definition plus received, physical/HIL and qualified acceptance; formal GD&T, provider DFM, FAI, physical assembly/proof and qualified release; received masses, assembly closure, two-axis COM, calibrated inertia, uncertainty and qualified downstream acceptance; accepted property bundle and regenerated load/stop/structure/control analyses with physical/qualified acceptance; received parts; selected fixture material/contact force/restraint/hardware/tolerances; fixture FAI; physical fit/keepout proof; accepted uncertainty; signed temporary hardware instruction; separate unpowered-session authorization; executed records and qualified disposition; supplier SKU/protocol confirmation; selected preload/restraint/material/tolerances; qualified constraint/load review; fixture FAI; received fit/stability/keepout proof; executed records; received articles; accepted method-specific supports/datums/instruments/uncertainty budgets; signed temporary assembly instruction where applicable; executed raw evidence and qualified disposition; separately authorized transmissions; accepted written supplier identity/quote; received articles; accepted provider methods/calibration/uncertainty; executed physical evidence; received feature match; executed measurements; numeric uncertainty; accepted limits; qualified disposition; authorized transmission; attributable returned bids; received feature match; accepted methods/uncertainty; executed results; attributable seller identity/allocation/quote response; signed maximum-spend/ship-to/receiver/purchaser decision; received quarantine evidence; dated carts/quotes and allocation for both sellers; signed owner roles/spend/scope; received quarantine and identity evidence; qualified Y14.5 disposition; accepted functional stack; successor drawings; provider DFM; FAI; received fit and proof; qualified factor/load allocation; nonlinear contact/deformation; material certificate; guard/cable update; successor drawings; DFM/FAI; physical stopping proof; stronger successor; C07/nonlinear contact/bolt-frame/dynamic/physical correlation and qualified acceptance; released backup gap/protrusion, received coupons, force-stroke, torque-decay integration, joined nonlinear model and physical proof; received laminated stack, qualified protrusion band, P0.13 structure/DFM/FAI and guarded physical dynamics; converged nonlinear contact/joined-load/dynamic/tolerance/physical correlation and qualified acceptance",NO,"PRELIMINARY - NOT APPROVED FOR PROCUREMENT, FABRICATION, ASSEMBLY, CONNECTION, POWERED TESTING, MOTION, OR ENERGIZATION"
EG-006,collision and stop validation,partial,"HR-V0-MECH-BOM-BIND-P0.3 / HR-V0-FW-MECH-SRC-BIND-P0.1; HR-V0-MECH-SHOP-RFQ-ASSY-P0.1 successor drawings/RFQ/unpowered assembly definition; HR-V0-MOVING-PROP-CLOSURE-P0.1 blank complete moving-properties execution contract; HR-V0-PROP-PROPAGATION-P0.1 fail-closed property propagation/stale-screen control; HR-V0-JOINT-STACK-FIXTURE-P0.1 exact-source review geometry, contact/keepout screen and fail-closed temporary-stack instruction; HR-V0-JOINT-STACK-FIXTURE-P0.2 rank-6 nominal 3-2-1 correction and current ROBOTIS evidence register; HR-V0-JOINT-MET-P0.2 five-method metrology split and fail-closed uncertainty-input register; HR-V0-J2-STOP-STRENGTH-P0.1 corrected single-rail load screen and widened P0.9 nominal geometry candidate; HR-V0-J2-STOP-FEA-P0.1 exact-C06 three-level linear FEA exposes non-conservative beam result and rejects P0.10; HR-V0-J2-SOFT-CONTACT-PAD-P0.2 exact P0.12 contact/force/work and pad published-force boundary; HR-V0-J2-PAD-POCKET-P0.1 exact pocket plan, dependent-depth rule, retention failure boundary and inspection route; HR-V0-J2-STOP-PAD-POCKET-FEA-P0.1 exact-normal P0.13 metal-perimeter/pocket-floor linear screens","as-built guard/cable/tolerance/deformation collision proof, stop load and stopping-travel tests, backlash/compliance/uncertainty closure and qualified acceptance; R243 terminal application, bits, calibration, received coupons, installed retention/torque and qualified acceptance; R244 received DCR/cuts/complete-circuit limits, exact bits, physical and qualified acceptance; R245 successor shop drawings/datum-GD&T/RFQ/assembly definition plus received, physical/HIL and qualified acceptance; formal GD&T, provider DFM, FAI, physical assembly/proof and qualified release; received masses, assembly closure, two-axis COM, calibrated inertia, uncertainty and qualified downstream acceptance; accepted property bundle and regenerated load/stop/structure/control analyses with physical/qualified acceptance; received parts; selected fixture material/contact force/restraint/hardware/tolerances; fixture FAI; physical fit/keepout proof; accepted uncertainty; signed temporary hardware instruction; separate unpowered-session authorization; executed records and qualified disposition; supplier SKU/protocol confirmation; selected preload/restraint/material/tolerances; qualified constraint/load review; fixture FAI; received fit/stability/keepout proof; executed records; received articles; accepted method-specific supports/datums/instruments/uncertainty budgets; signed temporary assembly instruction where applicable; executed raw evidence and qualified disposition; qualified factor/load allocation; nonlinear contact/deformation; material certificate; guard/cable update; successor drawings; DFM/FAI; physical stopping proof; stronger successor; C07/nonlinear contact/bolt-frame/dynamic/physical correlation and qualified acceptance; released backup gap/protrusion, received coupons, force-stroke, torque-decay integration, joined nonlinear model and physical proof; received laminated stack, qualified protrusion band, P0.13 structure/DFM/FAI and guarded physical dynamics; converged nonlinear contact/joined-load/dynamic/tolerance/physical correlation and qualified acceptance",NO,"PRELIMINARY - NOT APPROVED FOR PROCUREMENT, FABRICATION, ASSEMBLY, CONNECTION, POWERED TESTING, MOTION, OR ENERGIZATION"
EG-018,unpowered panel installation,partial,"HR-V0-P121-DCR-DROP-P0.1; HR-V0-P121-STATIC-VOLTAGE-BUDGET-P0.1 exact loop/source/headroom/missing-input register; HR-V0-U2D2-JC1-HARNESS-P0.1 exact data/reference-only harness candidate and blank physical evidence contract; HR-V0-U2D2-JC1-HARNESS-RFQ-P0.1 deterministic unsent manufacturer-build request and response-evaluation contract; HR-V0-DXL-PROT-CARRIER-HARNESS-P0.2 six-identity harness, corrected population, source-terminal candidate and panel-collision reconciliation; HR-V0-DXL-CARRIER-MOUNT-IF-P0.2 transformed hole/connector datums and inert fit-check contract; HR-V0-CARRIER-FIT-EVID-CAP-P0.1 blank raw physical-fit capture and stop-work contract","released holes/cuts/wires/terminations; received parts; as-built point-to-point, pull, torque, label, continuity, polarity and isolation evidence; signed release; R241 junction/conductor/fill/physical/qualified closure; R242 color/DCR/cut/protection/full-fill/thermal/physical/qualified closure; R243 terminal application, bits, calibration, received coupons, installed retention/torque and qualified acceptance; R244 received DCR/cuts/complete-circuit limits, exact bits, physical and qualified acceptance; accepted installed static/dynamic voltage budget and physical/qualified evidence; received endpoint route; raw cut/crimp process; continuity/isolation/no-backfeed/waveform evidence; qualified acceptance and stage authority; authorized transmission; attributable provider response/quote; accepted drawing/process; first article; physical/system evidence; qualified acceptance; received placement/sweep; exact circuit assignment; measured cuts; qualified termination processes; physical electrical/thermal/fault results; qualified acceptance and authority; received three-dimensional fit; hole/process release; route/cut proof; load/thermal tests; qualified acceptance and separate authority; separately authorized session; received identities; calibrated instruments; executed raw measurements/photos; deviation disposition; qualified acceptance",NO,"PRELIMINARY - NOT APPROVED FOR PROCUREMENT, FABRICATION, ASSEMBLY, CONNECTION, POWERED TESTING, MOTION, OR ENERGIZATION"
EG-020,electrical application evidence,partial,"HR-V0-P121-DCR-DROP-P0.1; HR-V0-P121-STATIC-VOLTAGE-BUDGET-P0.1 exact loop/source/headroom/missing-input register; HR-V0-U2D2-JC1-HARNESS-P0.1 exact data/reference-only harness candidate and blank physical evidence contract; HR-V0-U2D2-JC1-HARNESS-RFQ-P0.1 deterministic unsent manufacturer-build request and response-evaluation contract; HR-V0-DXL-PROT-CARRIER-HARNESS-P0.2 six-identity harness, corrected population, source-terminal candidate and panel-collision reconciliation; HR-V0-DXL-CARRIER-MOUNT-IF-P0.2 transformed hole/connector datums and inert fit-check contract; HR-V0-CARRIER-FIT-EVID-CAP-P0.1 blank raw physical-fit capture and stop-work contract","fault/inrush/current/ambient/bundle/length inputs; protection coordination; temperature/fault/no-backfeed evidence; qualified acceptance; R241 junction/conductor/fill/physical/qualified closure; R242 color/DCR/cut/protection/full-fill/thermal/physical/qualified closure; R243 terminal application, bits, calibration, received coupons, installed retention/torque and qualified acceptance; R244 received DCR/cuts/complete-circuit limits, exact bits, physical and qualified acceptance; accepted installed static/dynamic voltage budget and physical/qualified evidence; received endpoint route; raw cut/crimp process; continuity/isolation/no-backfeed/waveform evidence; qualified acceptance and stage authority; authorized transmission; attributable provider response/quote; accepted drawing/process; first article; physical/system evidence; qualified acceptance; received placement/sweep; exact circuit assignment; measured cuts; qualified termination processes; physical electrical/thermal/fault results; qualified acceptance and authority; received three-dimensional fit; hole/process release; route/cut proof; load/thermal tests; qualified acceptance and separate authority; separately authorized session; received identities; calibrated instruments; executed raw measurements/photos; deviation disposition; qualified acceptance",NO,"PRELIMINARY - NOT APPROVED FOR PROCUREMENT, FABRICATION, ASSEMBLY, CONNECTION, POWERED TESTING, MOTION, OR ENERGIZATION"
