record_type,record_id,domain,required_before_stage,source_status,accountable_role_candidate,accountable_person,acceptance_evidence,evidence_uri,approver_role_candidate,approver_person,decision,change_history,governance_state,warning
gate,EG-001,program,E0,partial,program_owner,SELECTION REQUIRED,Signed site-input record and applicable-code review,docs/hr-v0-build-site-basis.md; docs/hr-v0-boston-site-jurisdiction-p0.2.md; configuration/hr-v0-boston-site-p0.2/; release/hr-v0/boston-site-p0.2/; requirements/hr-v0-gate-evidence-supplement-r194.csv; tools/check_hr_v0_boston_site_p02.py; docs/hr-v0-actuator-ac-cord-p0.1.md; electrical/ac-input/hr-v0-actuator-ac-cord-p0.1/; tests/forms/hr-v0-actuator-ac-cord-site-fit-template-p0.1.csv; tools/check_hr_v0_actuator_ac_cord_p01.py,program_owner_and_qualified_applicability_reviewer,SELECTION REQUIRED,NOT APPROVED,R141 snapshot; prior record-level history NOT BACKFILLED,PARTIAL - ROLES CANDIDATE; PEOPLE/SIGNATURE/HISTORY OPEN,"PRELIMINARY - NOT APPROVED FOR FABRICATION, CONNECTION, MOTION, OR ENERGIZATION"
gate,EG-002,configuration,E0,partial,configuration_manager,SELECTION REQUIRED,Merged commit release manifest hashes and clean-clone audit,docs/configuration-management.md; docs/hr-v0-release-candidate-p0.1.md; release/hr-v0/release-candidate.json; release/hr-v0/HR-V0-RC-P0.1-file-manifest.csv; tools/generate_hr_v0_release_manifest.py; tools/check_hr_v0_release_manifest.py; docs/hr-v0-configuration-reconciliation-p0.1.md; configuration/hr-v0-config-reconciliation-p0.1/; release/hr-v0/configuration-reconciliation-p0.1/; tools/check_hr_v0_configuration_reconciliation_p01.py; software/images/hr-v0-rpi-os-lite-sbom-p0.1/; docs/hr-v0-rpi-os-sbom-p0.1.md; requirements/hr-v0-gate-evidence-supplement-r172.csv; tools/check_hr_v0_rpi_os_sbom_p01.py; docs/hr-v0-control-panel-configuration-p0.1.md; release/hr-v0/control-panel-configuration-p0.1/; requirements/hr-v0-gate-evidence-supplement-r220.csv; tools/check_hr_v0_control_panel_configuration_p01.py; docs/hr-v0-panel-point-to-point-p0.1.md; electrical/kicad/project-button-v3-p1.18-panel-topology-candidate/; release/hr-v0/panel-point-to-point-p0.1/; requirements/hr-v0-gate-evidence-supplement-r222.csv; tools/check_hr_v0_panel_point_to_point_p01.py; docs/hr-v0-panel-node-placement-p0.1.md; electrical/panel/hr-v0-control-panel-p0.7-node-placement/; release/hr-v0/panel-node-placement-p0.1/; configuration/hr-v0-config-reconciliation-p0.4/; requirements/hr-v0-gate-evidence-supplement-r223.csv; tools/check_hr_v0_panel_node_placement_p01.py,configuration_manager_and_program_owner,SELECTION REQUIRED,NOT APPROVED,R141 snapshot; prior record-level history NOT BACKFILLED,PARTIAL - ROLES CANDIDATE; PEOPLE/SIGNATURE/HISTORY OPEN,"PRELIMINARY - NOT APPROVED FOR FABRICATION, CONNECTION, MOTION, OR ENERGIZATION"
gate,EG-003,configuration,E0,partial,systems_engineer,SELECTION REQUIRED,Released hierarchical BOM plus manufacturer-document register receiving evidence and signed configuration review,bom/bom.csv; bom/hr-v0-bom-closure.csv; bom/hr-v0-evaluation-batch-a.csv; bom/hr-v0-unpowered-mechanical-evaluation.csv; bom/hr-v0-compute-selection-p0.1.csv; bom/hr-v0-compute-subassembly-p0.1.csv; bom/hr-v0-frame-kit-contents.csv; bom/hr-v0-gripper-kit-contents.csv; bom/hr-v0-frame-joint-schedule.csv; cad/hr-v0/frame-joint-placement-p0.2.csv; docs/hr-v0-bom-closure-p0.1.md; docs/hr-v0-evaluation-batch-a-acquisition-p0.1.md; docs/hr-v0-evaluation-batch-a-receiving-p0.1.md; procurement/hr-v0/evaluation-batch-a-acquisition-p0.1/; tests/receiving/hr-v0-evaluation-batch-a-receiving-p0.1/; tests/forms/hr-v0-evaluation-batch-a-unit-receiving-template-p0.1.csv; tools/generate_hr_v0_evaluation_batch_a_acquisition.py; tools/check_hr_v0_evaluation_batch_a_acquisition.py; tools/generate_hr_v0_evaluation_batch_a_receiving.py; tools/check_hr_v0_evaluation_batch_a_receiving.py; docs/hr-v0-compute-selection-p0.1.md; docs/hr-v0-compute-subassembly-p0.1.md; docs/hr-v0-control-panel-p0.6.md; docs/hr-v0-unpowered-mechanical-evaluation-p0.1.md; docs/hr-v0-frame-joint-closure-p0.2.md; electrical/panel/hr-v0-control-panel-p0.6/; tests/forms/hr-v0-evaluation-batch-a-receiving-template.csv; tests/forms/hr-v0-compute-receiving-template-p0.1.csv; tests/forms/hr-v0-compute-subassembly-receiving-template-p0.1.csv; tests/forms/hr-v0-compute-installation-receiving-template-p0.1.csv; tools/generate_hr_v0_bom_closure.py; tools/check_hr_v0_bom.py; tools/check_hr_v0_compute_selection_p01.py; tools/check_hr_v0_compute_subassembly_p01.py; tools/check_hr_v0_compute_installation_p01.py; tools/check_hr_v0_frame_joints.py; docs/hr-v0-u2d2-usb-cable-p0.1.md; electrical/vendor/startech/usb2ac50cm-r122/source-manifest-p0.1.csv; electrical/interfaces/hr-v0-u2d2-usb-cable-p0.1.csv; tests/forms/hr-v0-u2d2-usb-cable-receiving-template-p0.1.csv; tools/check_hr_v0_u2d2_usb_cable_p01.py; docs/hr-v0-panel-rail-duct-p0.1.md; electrical/vendor/phoenix-contact/panel-rail-duct-r123/source-manifest-p0.1.csv; electrical/panel/hr-v0-control-panel-p0.6/rail-duct-cut-plan-p0.1.csv; electrical/panel/hr-v0-control-panel-p0.6/rail-duct-holds-p0.1.csv; tests/forms/hr-v0-panel-rail-duct-receiving-template-p0.1.csv; tools/check_hr_v0_panel_rail_duct_p01.py; docs/hr-v0-watchdog-pcb-mounting-interface-p0.1.md; electrical/panel/hr-v0-watchdog-pcb-mounting-p0.1/; tools/check_hr_v0_watchdog_pcb_mounting_interface_p01.py; docs/hr-v0-watchdog-pcba-capability-inquiry-p0.1.md; electrical/manufacturing/hr-v0-watchdog-pcba-rfi-p0.1/; tools/check_hr_v0_watchdog_pcba_inquiry.py; docs/hr-v0-watchdog-pcba-assembly-data-p0.1.md; electrical/manufacturing/hr-v0-watchdog-pcba-assembly-data-p0.1/board-assembly-bom.csv; electrical/manufacturing/hr-v0-watchdog-pcba-assembly-data-p0.1/source-register.csv; tools/check_hr_v0_watchdog_pcba_assembly_data.py; bom/hr-v0-watchdog-pcb-binding.csv; docs/hr-v0-watchdog-pcb-bom-binding-p0.1.md; release/hr-v0/watchdog-pcb-bom-binding-p0.1/; tools/check_hr_v0_watchdog_pcb_bom_binding_p01.py; docs/hr-v0-configuration-reconciliation-p0.1.md; configuration/hr-v0-config-reconciliation-p0.1/; release/hr-v0/configuration-reconciliation-p0.1/; tools/check_hr_v0_configuration_reconciliation_p01.py; docs/hr-v0-dxl-star-manufacturing-p0.2.md; release/hr-v0/dxl-star-manufacturing-p0.2/; tools/generate_hr_v0_dxl_star_manufacturing_p02.py; tools/check_hr_v0_dxl_star_manufacturing_p02.py; bom/hr-v0-mechanical-custom-part-binding-p0.2.csv; docs/hr-v0-mechanical-bom-binding-p0.2.md; release/hr-v0/mechanical-bom-binding-p0.2/; tools/check_hr_v0_mechanical_bom_binding_p02.py; configuration/hr-v0-config-reconciliation-p0.3/; release/hr-v0/configuration-reconciliation-p0.3/; requirements/hr-v0-gate-evidence-supplement-r214.csv; docs/hr-v0-mechanical-manufacturing-review-p0.1.md; release/hr-v0/mechanical-manufacturing-review-p0.1/; requirements/hr-v0-gate-evidence-supplement-r215.csv; tools/check_hr_v0_mechanical_manufacturing_review_p01.py; docs/hr-v0-boston-fabrication-decision-p0.4.md; release/hr-v0/boston-fabrication-route-p0.4/; requirements/hr-v0-gate-evidence-supplement-r217.csv; tools/check_hr_v0_boston_fabrication_route_p04.py; docs/hr-v0-control-panel-configuration-p0.1.md; release/hr-v0/control-panel-configuration-p0.1/; requirements/hr-v0-gate-evidence-supplement-r220.csv; tools/check_hr_v0_control_panel_configuration_p01.py; docs/hr-v0-panel-conductor-basis-p0.1.md; release/hr-v0/panel-conductor-basis-p0.1/; requirements/hr-v0-gate-evidence-supplement-r221.csv; tools/check_hr_v0_panel_conductor_basis_p01.py; docs/hr-v0-panel-point-to-point-p0.1.md; electrical/kicad/project-button-v3-p1.18-panel-topology-candidate/; release/hr-v0/panel-point-to-point-p0.1/; requirements/hr-v0-gate-evidence-supplement-r222.csv; tools/check_hr_v0_panel_point_to_point_p01.py; docs/hr-v0-panel-node-placement-p0.1.md; electrical/panel/hr-v0-control-panel-p0.7-node-placement/; release/hr-v0/panel-node-placement-p0.1/; configuration/hr-v0-config-reconciliation-p0.4/; requirements/hr-v0-gate-evidence-supplement-r223.csv; tools/check_hr_v0_panel_node_placement_p01.py,configuration_manager_and_program_owner,SELECTION REQUIRED,NOT APPROVED,R141 snapshot; prior record-level history NOT BACKFILLED,PARTIAL - ROLES CANDIDATE; PEOPLE/SIGNATURE/HISTORY OPEN,"PRELIMINARY - NOT APPROVED FOR FABRICATION, CONNECTION, MOTION, OR ENERGIZATION"
gate,EG-004,electrical,E0,partial,electrical_engineer,SELECTION REQUIRED,KiCad parse ERC netlist manifest and cross-export comparison,electrical/kicad/project-button-v2/; electrical/kicad/project-button-v3/; docs/hr-v0-watchdog-footprint-metadata-p0.1.md; electrical/manufacturing/hr-v0-watchdog-footprint-metadata-p0.1/; docs/hr-v0-watchdog-pcba-assembly-data-p0.2.md; electrical/manufacturing/hr-v0-watchdog-pcba-assembly-data-p0.2/; electrical/e2/hr-v0-e2-hardware-p0.3/; tools/check_hr_v0_electrical_v3.py; tools/check_hr_v0_watchdog_footprint_metadata.py; tools/check_hr_v0_watchdog_pcba_assembly_data_p02.py; tools/check_hr_v0_e2_hardware_slice.py; bom/hr-v0-watchdog-pcb-binding.csv; docs/hr-v0-watchdog-pcb-bom-binding-p0.1.md; release/hr-v0/watchdog-pcb-bom-binding-p0.1/; tools/check_hr_v0_watchdog_pcb_bom_binding_p01.py; docs/hr-v0-watchdog-cam-p0.1.md; release/hr-v0/watchdog-pcb-cam-p0.1/; tools/generate_hr_v0_watchdog_cam_p01.py; tools/check_hr_v0_watchdog_cam_p01.py; docs/hr-v0-dxl-star-manufacturing-p0.1.md; release/hr-v0/dxl-star-manufacturing-p0.1/; tools/generate_hr_v0_dxl_star_manufacturing_p01.py; tools/check_hr_v0_dxl_star_manufacturing_p01.py; docs/hr-v0-configuration-reconciliation-p0.1.md; configuration/hr-v0-config-reconciliation-p0.1/; release/hr-v0/configuration-reconciliation-p0.1/; tools/check_hr_v0_configuration_reconciliation_p01.py; docs/hr-v0-dxl-star-manufacturing-p0.2.md; release/hr-v0/dxl-star-manufacturing-p0.2/; tools/generate_hr_v0_dxl_star_manufacturing_p02.py; tools/check_hr_v0_dxl_star_manufacturing_p02.py; docs/hr-v0-e2-p115-parity-p0.1.md; electrical/e2/hr-v0-e2-p115-parity-p0.1/; release/hr-v0/e2-p115-parity-p0.1/; tools/generate_hr_v0_e2_p115_parity_p01.py; tools/check_hr_v0_e2_p115_parity_p01.py; docs/hr-v0-watchdog-cam-p0.2.md; release/hr-v0/watchdog-pcb-cam-p0.2/; tools/generate_hr_v0_watchdog_cam_p02.py; tools/check_hr_v0_watchdog_cam_p02.py; docs/hr-v0-control-panel-configuration-p0.1.md; release/hr-v0/control-panel-configuration-p0.1/; requirements/hr-v0-gate-evidence-supplement-r220.csv; tools/check_hr_v0_control_panel_configuration_p01.py; docs/hr-v0-panel-conductor-basis-p0.1.md; release/hr-v0/panel-conductor-basis-p0.1/; requirements/hr-v0-gate-evidence-supplement-r221.csv; tools/check_hr_v0_panel_conductor_basis_p01.py; docs/hr-v0-panel-point-to-point-p0.1.md; electrical/kicad/project-button-v3-p1.18-panel-topology-candidate/; release/hr-v0/panel-point-to-point-p0.1/; requirements/hr-v0-gate-evidence-supplement-r222.csv; tools/check_hr_v0_panel_point_to_point_p01.py; docs/hr-v0-panel-node-placement-p0.1.md; electrical/panel/hr-v0-control-panel-p0.7-node-placement/; release/hr-v0/panel-node-placement-p0.1/; configuration/hr-v0-config-reconciliation-p0.4/; requirements/hr-v0-gate-evidence-supplement-r223.csv; tools/check_hr_v0_panel_node_placement_p01.py,qualified_electrical_reviewer,SELECTION REQUIRED,NOT APPROVED,R141 snapshot; prior record-level history NOT BACKFILLED,PARTIAL - ROLES CANDIDATE; PEOPLE/SIGNATURE/HISTORY OPEN,"PRELIMINARY - NOT APPROVED FOR FABRICATION, CONNECTION, MOTION, OR ENERGIZATION"
gate,EG-005,mechanical,E1,partial,mechanical_engineer,SELECTION REQUIRED,Native CAD STEP controlled datum/interface registers exact vendor-coordinate transforms parallel-axis proof assembly drawing and validated collision-to-stop margin,cad/hr-v0/; cad/hr-v0/mechanical-release-data.csv; cad/hr-v0/mechanical-interface-control.csv; cad/hr-v0/mechanical-assembly-components.csv; cad/hr-v0/generated/vendor-interfaces/; cad/hr-v0/generated/arm-architecture-p0.7/; cad/hr-v0/generated/assembly/; bom/hr-v0-frame-joint-schedule.csv; docs/hr-v0-mechanical-release-p0.6.md; docs/hr-v0-arm-architecture-p0.7.md; docs/hr-v0-hard-stop-design-basis-p0.3.md; docs/hr-v0-frame-joint-closure-p0.2.md; docs/hr-v0-bench-survey-p0.1.md; tests/forms/hr-v0-robotis-interface-closure-template.csv; tests/forms/hr-v0-mechanical-release-inspection-template.csv; tests/forms/hr-v0-frame-joint-receiving-assembly-template.csv; tests/forms/hr-v0-j2-limit-stop-template.csv; tools/generate_hr_v0_robotis_interface.py; tools/check_hr_v0_robotis_interface.py; tools/generate_hr_v0_arm_architecture.py; tools/check_hr_v0_arm_architecture.py; tools/generate_hr_v0_mechanical_release.py; tools/check_hr_v0_mechanical_release.py; tools/check_hr_v0_frame_joints.py; cad/hr-v0/generated/arm-architecture-p0.8-dwg-integrated/; docs/hr-v0-arm-architecture-p0.8-dwg-integrated.md; release/hr-v0/arm-architecture-p0.8-dwg-integrated/; tools/generate_hr_v0_arm_architecture_p08.py; tools/check_hr_v0_arm_architecture_p08.py; configuration/hr-v0-config-reconciliation-p0.3/; requirements/hr-v0-gate-evidence-supplement-r214.csv; docs/hr-v0-mechanical-manufacturing-review-p0.1.md; release/hr-v0/mechanical-manufacturing-review-p0.1/; requirements/hr-v0-gate-evidence-supplement-r215.csv; tools/check_hr_v0_mechanical_manufacturing_review_p01.py,qualified_mechanical_reviewer,SELECTION REQUIRED,NOT APPROVED,R141 snapshot; prior record-level history NOT BACKFILLED,PARTIAL - ROLES CANDIDATE; PEOPLE/SIGNATURE/HISTORY OPEN,"PRELIMINARY - NOT APPROVED FOR FABRICATION, CONNECTION, MOTION, OR ENERGIZATION"
gate,EG-006,mechanical,E1,partial,mechanical_engineer,SELECTION REQUIRED,Controlled replacement fabrication drawings cut schedule inspection report and zero active obsolete packets,release/hr-v0/fabrication-rfi/; cad/hr-v0/generated/vendor-interfaces/; cad/hr-v0/generated/arm-architecture-p0.7/; bom/hr-v0-extrusion-cut-schedule.csv; bom/hr-v0-frame-joint-schedule.csv; docs/hr-v0-mechanical-release-p0.6.md; docs/hr-v0-arm-architecture-p0.7.md; docs/hr-v0-hard-stop-design-basis-p0.3.md; docs/hr-v0-fabrication-rfi-p0.1.md; docs/hr-v0-fabrication-sourcing-boston.md; docs/hr-v0-frame-joint-closure-p0.2.md; docs/hr-v0-bench-survey-p0.1.md; tests/forms/hr-v0-arm-adapter-fai-template.csv; tests/forms/hr-v0-arm-fastener-receiving-installation-template.csv; tests/forms/hr-v0-r69-fabrication-inquiry-template.csv; tests/forms/hr-v0-robotis-interface-closure-template.csv; tests/forms/hr-v0-boston-bench-survey-template.csv; tests/forms/hr-v0-mechanical-release-inspection-template.csv; tests/forms/hr-v0-frame-joint-receiving-assembly-template.csv; tools/generate_hr_v0_fabrication_rfi_packets.py; tools/check_hr_v0_fabrication_rfi_packets.py; docs/hr-v0-panel-rail-duct-p0.1.md; electrical/panel/hr-v0-control-panel-p0.6/rail-duct-cut-plan-p0.1.csv; tests/forms/hr-v0-panel-rail-duct-installation-template-p0.1.csv; tools/check_hr_v0_panel_rail_duct_p01.py; docs/hr-v0-fabrication-input-basis-p0.1.md; release/hr-v0/fabrication-input-basis-p0.1/; requirements/hr-v0-gate-evidence-supplement-r173.csv; tools/check_hr_v0_fabrication_input_basis_p01.py; bom/hr-v0-mechanical-custom-part-binding-p0.2.csv; cad/hr-v0/generated/mechanical-drawing-p0.1/; release/hr-v0/mechanical-bom-binding-p0.2/; release/hr-v0/arm-architecture-p0.8-dwg-integrated/; tests/forms/hr-v0-mechanical-custom-part-fai-template-p0.2.csv; tools/check_hr_v0_arm_architecture_p08.py; requirements/hr-v0-gate-evidence-supplement-r214.csv; docs/hr-v0-mechanical-manufacturing-review-p0.1.md; release/hr-v0/mechanical-manufacturing-review-p0.1/; requirements/hr-v0-gate-evidence-supplement-r215.csv; tools/check_hr_v0_mechanical_manufacturing_review_p01.py; docs/hr-v0-boston-fabrication-decision-p0.4.md; release/hr-v0/boston-fabrication-route-p0.4/; requirements/hr-v0-gate-evidence-supplement-r217.csv; tools/check_hr_v0_boston_fabrication_route_p04.py,qualified_mechanical_reviewer,SELECTION REQUIRED,NOT APPROVED,R141 snapshot; prior record-level history NOT BACKFILLED,PARTIAL - ROLES CANDIDATE; PEOPLE/SIGNATURE/HISTORY OPEN,"PRELIMINARY - NOT APPROVED FOR FABRICATION, CONNECTION, MOTION, OR ENERGIZATION"
gate,EG-007,mechanical,E1,partial,mechanical_engineer,SELECTION REQUIRED,Signed calculation package linked to CAD interfaces measured/supplier mass ledger and positive collision-to-stop margin,cad/hr-v0/mechanical-release-data.csv; cad/hr-v0/mechanical-interface-control.csv; cad/hr-v0/frame-joint-placement-p0.2.csv; cad/hr-v0/generated/mechanical-checks.json; cad/hr-v0/generated/arm-architecture-p0.7/joint-load-screen.csv; cad/hr-v0/generated/arm-architecture-p0.7/adapter-proof-analysis.csv; cad/hr-v0/generated/arm-architecture-p0.7/continuous-clearance-analysis.json; cad/hr-v0/generated/arm-architecture-p0.7/hard-stop-allocation.csv; cad/hr-v0/generated/arm-architecture-p0.7/j2-positive-stop-analysis.json; cad/hr-v0/generated/arm-architecture-p0.7/j2-positive-stop-load-screen.csv; cad/hr-v0/generated/arm-architecture-p0.7/j2-positive-stop-tolerance-screen.csv; cad/hr-v0/generated/gripper-integration-p0.2/gripper-geometry-summary.json; cad/hr-v0/generated/gripper-integration-p0.2/gripper-mass-load-sensitivity.csv; cad/hr-v0/generated/gripper-integration-p0.2/gripper-integration-holds.csv; docs/hr-v0-mechanical-r0.1.md; docs/hr-v0-mechanical-release-p0.6.md; docs/hr-v0-arm-architecture-p0.7.md; docs/hr-v0-gripper-architecture-p0.2.md; docs/hr-v0-frame-joint-closure-p0.2.md; docs/hr-v0-joint-interface-fasteners-p0.1.md; docs/hr-v0-hard-stop-design-basis-p0.3.md; docs/hr-v0-bench-survey-p0.1.md; bom/hr-v0-frame-kit-contents.csv; bom/hr-v0-gripper-kit-contents.csv; bom/hr-v0-frame-joint-schedule.csv; docs/hr-v0-moving-mass-closure-p0.1.md; bom/hr-v0-moving-mass-ledger.csv; tests/forms/hr-v0-arm-adapter-fai-template.csv; tests/forms/hr-v0-arm-fastener-receiving-installation-template.csv; tests/forms/hr-v0-moving-mass-measurement-template.csv; tests/forms/hr-v0-frame-joint-receiving-assembly-template.csv; tests/forms/hr-v0-boston-bench-survey-template.csv; tests/forms/hr-v0-j2-limit-stop-template.csv; docs/hr-v0-fabrication-input-basis-p0.1.md; release/hr-v0/fabrication-input-basis-p0.1/; requirements/hr-v0-gate-evidence-supplement-r173.csv; tools/check_hr_v0_fabrication_input_basis_p01.py; docs/hr-v0-boston-fabrication-decision-p0.4.md; release/hr-v0/boston-fabrication-route-p0.4/; requirements/hr-v0-gate-evidence-supplement-r217.csv; tools/check_hr_v0_boston_fabrication_route_p04.py,qualified_mechanical_reviewer,SELECTION REQUIRED,NOT APPROVED,R141 snapshot; prior record-level history NOT BACKFILLED,PARTIAL - ROLES CANDIDATE; PEOPLE/SIGNATURE/HISTORY OPEN,"PRELIMINARY - NOT APPROVED FOR FABRICATION, CONNECTION, MOTION, OR ENERGIZATION"
gate,EG-008,safety,E1,partial,mechanical_safety_reviewer,SELECTION REQUIRED,Swept-volume CAD stopping/drop envelope guard drawing probe/retention tests,cad/hr-v0/mechanical-release-data.csv; cad/hr-v0/generated/assembly/; docs/hr-v0-mechanical-release-p0.2.md; docs/hr-v0-guard-receiver-cable-p0.1.md; docs/hr-v0-collapse-envelope-p0.1.md; docs/hr-v0-passive-arm-receiver-p0.1.md; docs/hr-v0-passive-arm-receiver-verification-p0.1.md; docs/hr-v0-passive-arm-receiver-detail-p0.2.md; docs/hr-v0-receiver-guide-interface-p0.1.md; cad/hr-v0/generated/safety-enclosure/; cad/hr-v0/generated/power-loss-envelope-p0.1/guard-fit-screen.csv; cad/hr-v0/generated/power-loss-envelope-p0.1/receiver-role-disposition.csv; cad/hr-v0/generated/passive-arm-receiver-p0.1/receiver-summary.json; cad/hr-v0/generated/passive-arm-receiver-p0.1/receiver-closure-holds.csv; cad/hr-v0/generated/passive-arm-receiver-verification-p0.1/; cad/hr-v0/generated/passive-arm-receiver-detail-p0.2/; cad/hr-v0/generated/receiver-guide-interface-p0.1/; tests/forms/hr-v0-guard-clearance-inspection-template.csv; tests/forms/hr-v0-drop-containment-template.csv; tests/forms/hr-v0-collapse-envelope-metrology-template-p0.1.csv; tests/forms/hr-v0-passive-arm-receiver-template-p0.1.csv; release/hr-v0/collapse-envelope-p0.1/index.html; release/hr-v0/passive-arm-receiver-p0.1/index.html; release/hr-v0/passive-arm-receiver-verification-p0.1/index.html; release/hr-v0/passive-arm-receiver-detail-p0.2/index.html; release/hr-v0/receiver-guide-interface-p0.1/index.html; tools/check_hr_v0_collapse_envelope_p01.py; tools/check_hr_v0_passive_arm_receiver_p01.py; tools/check_hr_v0_passive_arm_receiver_verification_p01.py; tools/check_hr_v0_passive_arm_receiver_detail_p02.py; tools/check_hr_v0_receiver_guide_interface_p01.py; HR-V0-PASSIVE-ARM-RECEIVER-P0.1; HR-V0-PASSIVE-ARM-RECEIVER-VERIFY-P0.1; HR-V0-PASSIVE-ARM-RECEIVER-DETAIL-P0.2; HR-V0-RECEIVER-GUIDE-IF-P0.1,qualified_functional_safety_reviewer,SELECTION REQUIRED,NOT APPROVED,R141 snapshot; prior record-level history NOT BACKFILLED,PARTIAL - ROLES CANDIDATE; PEOPLE/SIGNATURE/HISTORY OPEN,"PRELIMINARY - NOT APPROVED FOR FABRICATION, CONNECTION, MOTION, OR ENERGIZATION"
gate,EG-009,safety,E4,partial,mechanical_safety_reviewer,SELECTION REQUIRED,Backdrive/drop tests and selected catch counterbalance stop or receiver design,docs/hr-v0-guard-receiver-cable-p0.1.md; docs/hr-v0-power-loss-containment-p0.1.md; docs/hr-v0-collapse-envelope-p0.1.md; docs/hr-v0-passive-arm-receiver-p0.1.md; docs/hr-v0-passive-arm-receiver-verification-p0.1.md; docs/hr-v0-passive-arm-receiver-detail-p0.2.md; docs/hr-v0-receiver-guide-interface-p0.1.md; safety/hr-v0-power-loss-containment-p0.1/power-loss-energy-bound.csv; safety/hr-v0-power-loss-containment-p0.1/power-loss-strategy.csv; cad/hr-v0/generated/power-loss-envelope-p0.1/guard-fit-screen.csv; cad/hr-v0/generated/power-loss-envelope-p0.1/receiver-role-disposition.csv; cad/hr-v0/generated/passive-arm-receiver-p0.1/commanded-envelope-screen.csv; cad/hr-v0/generated/passive-arm-receiver-p0.1/absorber-application-screen.csv; cad/hr-v0/generated/passive-arm-receiver-p0.1/receiver-load-path-screen.csv; cad/hr-v0/generated/passive-arm-receiver-verification-p0.1/; cad/hr-v0/generated/passive-arm-receiver-detail-p0.2/; cad/hr-v0/generated/receiver-guide-interface-p0.1/; tests/forms/hr-v0-drop-containment-template.csv; tests/forms/hr-v0-power-loss-containment-template-p0.1.csv; tests/forms/hr-v0-collapse-envelope-metrology-template-p0.1.csv; tests/forms/hr-v0-passive-arm-receiver-template-p0.1.csv; release/hr-v0/power-loss-containment-p0.1/index.html; release/hr-v0/collapse-envelope-p0.1/index.html; release/hr-v0/passive-arm-receiver-p0.1/index.html; release/hr-v0/passive-arm-receiver-verification-p0.1/index.html; release/hr-v0/passive-arm-receiver-detail-p0.2/index.html; release/hr-v0/receiver-guide-interface-p0.1/index.html; tools/check_hr_v0_power_loss_containment_p01.py; tools/check_hr_v0_collapse_envelope_p01.py; tools/check_hr_v0_passive_arm_receiver_p01.py; tools/check_hr_v0_passive_arm_receiver_verification_p01.py; tools/check_hr_v0_passive_arm_receiver_detail_p02.py; tools/check_hr_v0_receiver_guide_interface_p01.py; HR-V0-PASSIVE-ARM-RECEIVER-P0.1; HR-V0-PASSIVE-ARM-RECEIVER-VERIFY-P0.1; HR-V0-PASSIVE-ARM-RECEIVER-DETAIL-P0.2; HR-V0-RECEIVER-GUIDE-IF-P0.1,qualified_functional_safety_reviewer,SELECTION REQUIRED,NOT APPROVED,R141 snapshot; prior record-level history NOT BACKFILLED,PARTIAL - ROLES CANDIDATE; PEOPLE/SIGNATURE/HISTORY OPEN,"PRELIMINARY - NOT APPROVED FOR FABRICATION, CONNECTION, MOTION, OR ENERGIZATION"
gate,EG-010,electrical,E1,partial,electrical_engineer,SELECTION REQUIRED,Datasheets output/fault/inrush/regeneration review and received-unit inspection,docs/hr-v0-electrical-v3-candidate.md; docs/hr-v0-source-interface-closure-r28.md; docs/hr-v0-compute-selection-p0.1.md; docs/hr-v0-compute-subassembly-p0.1.md; docs/hr-v0-control-panel-p0.6.md; electrical/vendor/raspberry-pi/compute-r119/source-manifest-p0.1.csv; electrical/vendor/raspberry-pi/compute-r120/source-manifest-p0.1.csv; electrical/interfaces/hr-v0-compute-power-selection-p0.1.csv; electrical/interfaces/hr-v0-compute-subassembly-p0.1.csv; electrical/panel/hr-v0-control-panel-p0.6/; electrical/kicad/project-button-v3/01_external_sources.kicad_sch; tests/forms/hr-v0-source-interface-receiving-template.csv; tests/forms/hr-v0-compute-receiving-template-p0.1.csv; tests/forms/hr-v0-compute-subassembly-receiving-template-p0.1.csv; tests/forms/hr-v0-compute-installation-receiving-template-p0.1.csv; tools/check_hr_v0_compute_selection_p01.py; tools/check_hr_v0_compute_subassembly_p01.py; tools/check_hr_v0_compute_installation_p01.py; docs/hr-v0-u2d2-usb-cable-p0.1.md; electrical/vendor/startech/usb2ac50cm-r122/source-manifest-p0.1.csv; electrical/interfaces/hr-v0-u2d2-usb-cable-p0.1.csv; tests/forms/hr-v0-u2d2-usb-cable-receiving-template-p0.1.csv; tests/forms/hr-v0-u2d2-usb-cable-test-template-p0.1.csv; tools/check_hr_v0_u2d2_usb_cable_p01.py; docs/hr-v0-panel-rail-duct-p0.1.md; electrical/panel/hr-v0-control-panel-p0.6/rail-duct-holds-p0.1.csv; tests/forms/hr-v0-panel-rail-duct-installation-template-p0.1.csv; tools/check_hr_v0_panel_rail_duct_p01.py; docs/hr-v0-panel-conductor-basis-p0.1.md; release/hr-v0/panel-conductor-basis-p0.1/; requirements/hr-v0-gate-evidence-supplement-r221.csv; tools/check_hr_v0_panel_conductor_basis_p01.py; docs/hr-v0-panel-point-to-point-p0.1.md; electrical/kicad/project-button-v3-p1.18-panel-topology-candidate/; release/hr-v0/panel-point-to-point-p0.1/; requirements/hr-v0-gate-evidence-supplement-r222.csv; tools/check_hr_v0_panel_point_to_point_p01.py; docs/hr-v0-panel-node-placement-p0.1.md; electrical/panel/hr-v0-control-panel-p0.7-node-placement/; release/hr-v0/panel-node-placement-p0.1/; configuration/hr-v0-config-reconciliation-p0.4/; requirements/hr-v0-gate-evidence-supplement-r223.csv; tools/check_hr_v0_panel_node_placement_p01.py,qualified_electrical_reviewer,SELECTION REQUIRED,NOT APPROVED,R141 snapshot; prior record-level history NOT BACKFILLED,PARTIAL - ROLES CANDIDATE; PEOPLE/SIGNATURE/HISTORY OPEN,"PRELIMINARY - NOT APPROVED FOR FABRICATION, CONNECTION, MOTION, OR ENERGIZATION"
gate,EG-011,safety,E1,partial,electrical_safety_reviewer,SELECTION REQUIRED,Exact order codes; current manufacturer construction evidence; received bottom-view markings and orientation; released/pressed continuity; independent mapping check,bom/bom.csv; electrical/kicad/project-button-v3/02_estop_eligibility.kicad_sch; electrical/kicad/project-button-v3/03_arm_watchdog_eligibility.kicad_sch; docs/hr-v0-reset-arm-receiving-p0.1.md; tests/forms/hr-v0-reset-arm-receiving-template.csv,qualified_functional_safety_reviewer,SELECTION REQUIRED,NOT APPROVED,R141 snapshot; prior record-level history NOT BACKFILLED,PARTIAL - ROLES CANDIDATE; PEOPLE/SIGNATURE/HISTORY OPEN,"PRELIMINARY - NOT APPROVED FOR FABRICATION, CONNECTION, MOTION, OR ENERGIZATION"
gate,EG-012,safety,E1,partial,functional_safety_reviewer,SELECTION REQUIRED,Qualified safety allocation plus FMEA CCF routed PCB physical separation and TEST-SAFE-002 diagnostic traces,docs/hr-v0-functional-safety-allocation-p0.1.md; safety/hr-v0-safety-function-allocation.csv; safety/hr-v0-watchdog-boundary-fmea.csv; docs/hr-v0-electrical-v3-candidate.md; docs/hr-v0-watchdog-interface-p0.2.md; docs/hr-v0-watchdog-feedback-p0.1.md; docs/hr-v0-watchdog-pcb-p0.5.md; electrical/kicad/project-button-v3/03_arm_watchdog_eligibility.kicad_sch; electrical/kicad/project-button-v3/04_contactor_edm.kicad_sch; electrical/kicad/project-button-v3/07_watchdog_control.kicad_sch; electrical/kicad/project-button-v3/08_watchdog_feedback_interface.kicad_sch; electrical/kicad/project-button-v3/11_watchdog_pcb_connectors.kicad_sch; electrical/kicad/project-button-v3/project-button-v3.kicad_pcb; docs/hr-v0-safety-requirements-p0.2.md; release/hr-v0/safety-requirements-p0.2/; requirements/hr-v0-gate-evidence-supplement-r218.csv; tools/check_hr_v0_safety_requirements_p02.py; docs/hr-v0-functional-safety-review-route-p0.1.md; release/hr-v0/functional-safety-review-route-p0.1/; requirements/hr-v0-gate-evidence-supplement-r219.csv; tools/check_hr_v0_functional_safety_review_route_p01.py,qualified_functional_safety_reviewer,SELECTION REQUIRED,NOT APPROVED,R141 snapshot; prior record-level history NOT BACKFILLED,PARTIAL - ROLES CANDIDATE; PEOPLE/SIGNATURE/HISTORY OPEN,"PRELIMINARY - NOT APPROVED FOR FABRICATION, CONNECTION, MOTION, OR ENERGIZATION"
gate,EG-013,electrical,E1,partial,electrical_safety_reviewer,SELECTION REQUIRED,Exact measured break/regeneration envelope Schneider critical-current/application disposition protection coordination received verification and loaded interruption/stopping-time test,electrical/kicad/project-button-v3/03_arm_watchdog_eligibility.kicad_sch; electrical/kicad/project-button-v3/04_contactor_edm.kicad_sch; electrical/kicad/project-button-v3/05_actuator_interruption.kicad_sch; docs/hr-v0-contactor-application-p0.1.md; docs/hr-v0-contactor-application-p0.2.md; electrical/contactor/hr-v0-lc1d25bd-application-inputs-p0.2.csv; tests/forms/hr-v0-contactor-interruption-characterization-template-p0.1.csv; docs/vendor-queries/schneider-lc1d25bd-dc-application-p0.1.md; docs/hr-v0-electrical-v3-candidate.md,qualified_electrical_reviewer,SELECTION REQUIRED,NOT APPROVED,R141 snapshot; prior record-level history NOT BACKFILLED,PARTIAL - ROLES CANDIDATE; PEOPLE/SIGNATURE/HISTORY OPEN,"PRELIMINARY - NOT APPROVED FOR FABRICATION, CONNECTION, MOTION, OR ENERGIZATION"
gate,EG-014,electrical,E1,partial,electrical_engineer,SELECTION REQUIRED,Fault current cable length ambient bundling connector inrush duty voltage-drop and clearing calculations,docs/hr-v0-protection-coordination-p0.1.md; docs/hr-v0-actuator-current-envelope-p0.1.md; electrical/hr-v0-protection-coordination-inputs.csv; tests/forms/hr-v0-protection-coordination-template.csv; tests/forms/hr-v0-actuator-current-characterization-template.csv; tools/check_hr_v0_protection.py; docs/hr-v0-configuration-reconciliation-p0.1.md; configuration/hr-v0-config-reconciliation-p0.1/; release/hr-v0/configuration-reconciliation-p0.1/; tools/check_hr_v0_configuration_reconciliation_p01.py; docs/hr-v0-panel-point-to-point-p0.1.md; electrical/kicad/project-button-v3-p1.18-panel-topology-candidate/; release/hr-v0/panel-point-to-point-p0.1/; requirements/hr-v0-gate-evidence-supplement-r222.csv; tools/check_hr_v0_panel_point_to_point_p01.py; docs/hr-v0-panel-node-placement-p0.1.md; electrical/panel/hr-v0-control-panel-p0.7-node-placement/; release/hr-v0/panel-node-placement-p0.1/; configuration/hr-v0-config-reconciliation-p0.4/; requirements/hr-v0-gate-evidence-supplement-r223.csv; tools/check_hr_v0_panel_node_placement_p01.py,qualified_electrical_reviewer,SELECTION REQUIRED,NOT APPROVED,R141 snapshot; prior record-level history NOT BACKFILLED,PARTIAL - ROLES CANDIDATE; PEOPLE/SIGNATURE/HISTORY OPEN,"PRELIMINARY - NOT APPROVED FOR FABRICATION, CONNECTION, MOTION, OR ENERGIZATION"
gate,EG-015,electrical,E1,partial,electrical_engineer,SELECTION REQUIRED,Harness drawings connector schedule continuity polarity isolation and pull-test records,docs/hr-v0-source-interface-closure-r28.md; docs/hr-v0-dxl-star-injection-p0.1.md; electrical/kicad/project-button-v3/connector-schedule.csv; electrical/kicad/project-button-v3/06_branches_and_injection.kicad_sch; electrical/kicad/project-button-v3/10_actuator_interfaces.kicad_sch; electrical/kicad/hr-v0-dxl-star/; tests/forms/hr-v0-source-interface-receiving-template.csv; tests/forms/hr-v0-dxl-star-inspection-template.csv; docs/hr-v0-u2d2-usb-cable-p0.1.md; electrical/interfaces/hr-v0-u2d2-usb-cable-p0.1.csv; tests/forms/hr-v0-u2d2-usb-cable-receiving-template-p0.1.csv; tests/forms/hr-v0-u2d2-usb-cable-test-template-p0.1.csv; tools/check_hr_v0_u2d2_usb_cable_p01.py; docs/hr-v0-panel-rail-duct-p0.1.md; electrical/panel/hr-v0-control-panel-p0.6/rail-duct-holds-p0.1.csv; tests/forms/hr-v0-panel-rail-duct-installation-template-p0.1.csv; tools/check_hr_v0_panel_rail_duct_p01.py; release/hr-v0/dxl-star-manufacturing-p0.1/terminal-parity-register.csv; release/hr-v0/dxl-star-manufacturing-p0.1/manufacturing-release-holds.csv; tools/check_hr_v0_dxl_star_manufacturing_p01.py; docs/hr-v0-configuration-reconciliation-p0.1.md; configuration/hr-v0-config-reconciliation-p0.1/; release/hr-v0/configuration-reconciliation-p0.1/; tools/check_hr_v0_configuration_reconciliation_p01.py; docs/hr-v0-dxl-star-manufacturing-p0.2.md; release/hr-v0/dxl-star-manufacturing-p0.2/; tools/generate_hr_v0_dxl_star_manufacturing_p02.py; tools/check_hr_v0_dxl_star_manufacturing_p02.py; docs/hr-v0-panel-conductor-basis-p0.1.md; release/hr-v0/panel-conductor-basis-p0.1/; requirements/hr-v0-gate-evidence-supplement-r221.csv; tools/check_hr_v0_panel_conductor_basis_p01.py; docs/hr-v0-panel-point-to-point-p0.1.md; electrical/kicad/project-button-v3-p1.18-panel-topology-candidate/; release/hr-v0/panel-point-to-point-p0.1/; requirements/hr-v0-gate-evidence-supplement-r222.csv; tools/check_hr_v0_panel_point_to_point_p01.py; docs/hr-v0-panel-node-placement-p0.1.md; electrical/panel/hr-v0-control-panel-p0.7-node-placement/; release/hr-v0/panel-node-placement-p0.1/; configuration/hr-v0-config-reconciliation-p0.4/; requirements/hr-v0-gate-evidence-supplement-r223.csv; tools/check_hr_v0_panel_node_placement_p01.py,qualified_electrical_reviewer,SELECTION REQUIRED,NOT APPROVED,R141 snapshot; prior record-level history NOT BACKFILLED,PARTIAL - ROLES CANDIDATE; PEOPLE/SIGNATURE/HISTORY OPEN,"PRELIMINARY - NOT APPROVED FOR FABRICATION, CONNECTION, MOTION, OR ENERGIZATION"
gate,EG-016,electrical,E1,partial,electrical_safety_reviewer,SELECTION REQUIRED,Bonding diagram fault/EMC rationale and continuity/insulation test plan,docs/electrical.md; docs/hr-v0-grounding-bonding-closure-p0.1.md; electrical/grounding/hr-v0-grounding-node-register-p0.1.csv; electrical/grounding/hr-v0-grounding-selection-matrix-p0.1.csv; tests/forms/hr-v0-grounding-bonding-survey-template-p0.1.csv; electrical/kicad/project-button-v3/01_external_sources.kicad_sch; electrical/kicad/project-button-v3/10_actuator_interfaces.kicad_sch; tools/check_hr_v0_grounding_bonding_p01.py; docs/hr-v0-u2d2-usb-cable-p0.1.md; electrical/interfaces/hr-v0-u2d2-usb-cable-p0.1.csv; tests/forms/hr-v0-u2d2-usb-cable-test-template-p0.1.csv; tools/check_hr_v0_u2d2_usb_cable_p01.py; docs/hr-v0-panel-rail-duct-p0.1.md; electrical/panel/hr-v0-control-panel-p0.6/rail-duct-holds-p0.1.csv; tests/forms/hr-v0-panel-rail-duct-installation-template-p0.1.csv; tools/check_hr_v0_panel_rail_duct_p01.py,qualified_electrical_reviewer,SELECTION REQUIRED,NOT APPROVED,R141 snapshot; prior record-level history NOT BACKFILLED,PARTIAL - ROLES CANDIDATE; PEOPLE/SIGNATURE/HISTORY OPEN,"PRELIMINARY - NOT APPROVED FOR FABRICATION, CONNECTION, MOTION, OR ENERGIZATION"
gate,EG-017,controls,E2,partial,controls_engineer,SELECTION REQUIRED,Reviewed source reproducible binary hashes unit tests HIL logs and configuration manifest,firmware/; firmware/watchdog/output/P0.2/; firmware/watchdog/output/host-vector/P0.1/; firmware/watchdog/toolchain-lock.json; firmware/watchdog/host-test-toolchain-lock.json; firmware/supervisor/actuator-config.json; firmware/SOURCE-MANIFEST.csv; software/images/hr-v0-rpi-os-lite-p0.1.json; software/images/hr-v0-rpi-os-lite-sbom-p0.1/; software/host/hr-v0-host-deploy-p0.1/; docs/hr-v0-rpi-os-sbom-p0.1.md; docs/hr-v0-host-deployment-p0.1.md; tests/forms/hr-v0-rpi-os-sbom-target-verification-template-p0.1.csv; tests/forms/hr-v0-host-deployment-template-p0.1.csv; requirements/hr-v0-gate-evidence-supplement-r171.csv; requirements/hr-v0-gate-evidence-supplement-r172.csv; tools/check_hr_v0_rpi_os_sbom_p01.py; tools/check_hr_v0_host_deploy_p01.py; docs/hr-v0-watchdog-build-p0.2.md; docs/hr-v0-actuator-current-envelope-p0.1.md; docs/hr-v0-compute-subassembly-p0.1.md; docs/hr-v0-control-panel-p0.6.md; tests/forms/hr-v0-compute-image-build-template-p0.1.csv; tests/forms/hr-v0-compute-installation-receiving-template-p0.1.csv; tools/build_hr_v0_watchdog.ps1; tools/build_hr_v0_watchdog_host_runner.ps1; tools/check_hr_v0_firmware.py; tools/check_hr_v0_compute_subassembly_p01.py; tools/check_hr_v0_compute_installation_p01.py; docs/hr-v0-u2d2-usb-cable-p0.1.md; electrical/interfaces/hr-v0-u2d2-usb-cable-p0.1.csv; tests/forms/hr-v0-u2d2-usb-cable-test-template-p0.1.csv; tools/check_hr_v0_u2d2_usb_cable_p01.py,qualified_controls_reviewer,SELECTION REQUIRED,NOT APPROVED,R141 snapshot; prior record-level history NOT BACKFILLED,PARTIAL - ROLES CANDIDATE; PEOPLE/SIGNATURE/HISTORY OPEN,"PRELIMINARY - NOT APPROVED FOR FABRICATION, CONNECTION, MOTION, OR ENERGIZATION"
gate,EG-018,inspection,E2,partial,quality_reviewer,SELECTION REQUIRED,Signed visual mechanical torque witness-mark and configuration inspection,docs/hr-v0-e2-control-only-energization-p0.1.md; tests/e2/hr-v0-e2-control-only-sequence.csv; tests/forms/hr-v0-e2-unpowered-configuration-template.csv; tests/procedures/procedure-registry.csv; tools/check_hr_v0_e2_commissioning.py; docs/hr-v0-panel-rail-duct-p0.1.md; tests/forms/hr-v0-panel-rail-duct-installation-template-p0.1.csv; tools/check_hr_v0_panel_rail_duct_p01.py; docs/hr-v0-watchdog-pcb-mounting-interface-p0.1.md; electrical/panel/hr-v0-watchdog-pcb-mounting-p0.1/receiving-template.csv; tools/check_hr_v0_watchdog_pcb_mounting_interface_p01.py; docs/hr-v0-watchdog-pcba-capability-inquiry-p0.1.md; electrical/manufacturing/hr-v0-watchdog-pcba-rfi-p0.1/first-article-receiving-template.csv; tools/check_hr_v0_watchdog_pcba_inquiry.py; docs/hr-v0-watchdog-pcba-assembly-data-p0.1.md; electrical/manufacturing/hr-v0-watchdog-pcba-assembly-data-p0.1/board-assembly-bom.csv; electrical/manufacturing/hr-v0-watchdog-pcba-assembly-data-p0.1/assembly-note-register.csv; tools/check_hr_v0_watchdog_pcba_assembly_data.py; docs/hr-v0-e2-hardware-p0.4.md; electrical/e2/hr-v0-e2-hardware-p0.4/; release/hr-v0/e2-hardware-p0.4/; tools/generate_hr_v0_e2_hardware_slice_p04.py; tools/check_hr_v0_e2_hardware_slice_p04.py; HR-V0-E2-EVIDENCE-P0.2; docs/hr-v0-e2-evidence-parity-p0.2.md; tests/e2/hr-v0-e2-evidence-contract-p0.2/; tests/forms/hr-v0-e2-unpowered-configuration-template-p0.2.csv; tools/check_hr_v0_e2_evidence_parity_p02.py; docs/hr-v0-control-panel-configuration-p0.1.md; release/hr-v0/control-panel-configuration-p0.1/; requirements/hr-v0-gate-evidence-supplement-r220.csv; tools/check_hr_v0_control_panel_configuration_p01.py; docs/hr-v0-panel-conductor-basis-p0.1.md; release/hr-v0/panel-conductor-basis-p0.1/; requirements/hr-v0-gate-evidence-supplement-r221.csv; tools/check_hr_v0_panel_conductor_basis_p01.py; docs/hr-v0-panel-point-to-point-p0.1.md; electrical/kicad/project-button-v3-p1.18-panel-topology-candidate/; release/hr-v0/panel-point-to-point-p0.1/; requirements/hr-v0-gate-evidence-supplement-r222.csv; tools/check_hr_v0_panel_point_to_point_p01.py; docs/hr-v0-panel-node-placement-p0.1.md; electrical/panel/hr-v0-control-panel-p0.7-node-placement/; release/hr-v0/panel-node-placement-p0.1/; configuration/hr-v0-config-reconciliation-p0.4/; requirements/hr-v0-gate-evidence-supplement-r223.csv; tools/check_hr_v0_panel_node_placement_p01.py,responsible_domain_reviewer_and_independent_witness,SELECTION REQUIRED,NOT APPROVED,R141 snapshot; prior record-level history NOT BACKFILLED,PARTIAL - ROLES CANDIDATE; PEOPLE/SIGNATURE/HISTORY OPEN,"PRELIMINARY - NOT APPROVED FOR FABRICATION, CONNECTION, MOTION, OR ENERGIZATION"
gate,EG-019,electrical_test,E2,partial,qualified_electrical_reviewer,SELECTION REQUIRED,Qualified inspection plus PE continuity insulation or justified not-applicable record,docs/hr-v0-build-site-basis.md; docs/hr-v0-e2-control-only-energization-p0.1.md; tests/e2/hr-v0-e2-control-only-sequence.csv; tests/forms/hr-v0-e2-mains-pe-insulation-template.csv; tests/procedures/procedure-registry.csv; tools/check_hr_v0_e2_commissioning.py; docs/hr-v0-e2-hardware-p0.4.md; electrical/e2/hr-v0-e2-hardware-p0.4/; release/hr-v0/e2-hardware-p0.4/; tools/generate_hr_v0_e2_hardware_slice_p04.py; tools/check_hr_v0_e2_hardware_slice_p04.py; HR-V0-E2-EVIDENCE-P0.2; docs/hr-v0-e2-evidence-parity-p0.2.md; tests/e2/hr-v0-e2-evidence-contract-p0.2/; tools/check_hr_v0_e2_evidence_parity_p02.py,qualified_electrical_reviewer_and_test_director,SELECTION REQUIRED,NOT APPROVED,R141 snapshot; prior record-level history NOT BACKFILLED,PARTIAL - ROLES CANDIDATE; PEOPLE/SIGNATURE/HISTORY OPEN,"PRELIMINARY - NOT APPROVED FOR FABRICATION, CONNECTION, MOTION, OR ENERGIZATION"
gate,EG-020,electrical_test,E2,partial,electrical_test_owner,SELECTION REQUIRED,Signed point-to-point record with calibrated instruments,docs/hr-v0-e2-control-only-energization-p0.1.md; tests/e2/hr-v0-e2-control-only-sequence.csv; tests/forms/hr-v0-e2-elv-point-to-point-template.csv; electrical/kicad/project-button-v3/connector-schedule.csv; electrical/kicad/project-button-v3/wire-number-table.csv; tests/procedures/procedure-registry.csv; tools/check_hr_v0_e2_commissioning.py; docs/hr-v0-e2-hardware-p0.4.md; electrical/e2/hr-v0-e2-hardware-p0.4/; release/hr-v0/e2-hardware-p0.4/; tools/generate_hr_v0_e2_hardware_slice_p04.py; tools/check_hr_v0_e2_hardware_slice_p04.py; HR-V0-E2-EVIDENCE-P0.2; docs/hr-v0-e2-evidence-parity-p0.2.md; tests/e2/hr-v0-e2-evidence-contract-p0.2/; tools/check_hr_v0_e2_evidence_parity_p02.py; docs/hr-v0-control-panel-configuration-p0.1.md; release/hr-v0/control-panel-configuration-p0.1/; requirements/hr-v0-gate-evidence-supplement-r220.csv; tools/check_hr_v0_control_panel_configuration_p01.py; docs/hr-v0-panel-conductor-basis-p0.1.md; release/hr-v0/panel-conductor-basis-p0.1/; requirements/hr-v0-gate-evidence-supplement-r221.csv; tools/check_hr_v0_panel_conductor_basis_p01.py; docs/hr-v0-panel-point-to-point-p0.1.md; electrical/kicad/project-button-v3-p1.18-panel-topology-candidate/; release/hr-v0/panel-point-to-point-p0.1/; requirements/hr-v0-gate-evidence-supplement-r222.csv; tools/check_hr_v0_panel_point_to_point_p01.py; docs/hr-v0-panel-node-placement-p0.1.md; electrical/panel/hr-v0-control-panel-p0.7-node-placement/; release/hr-v0/panel-node-placement-p0.1/; configuration/hr-v0-config-reconciliation-p0.4/; requirements/hr-v0-gate-evidence-supplement-r223.csv; tools/check_hr_v0_panel_node_placement_p01.py,qualified_electrical_reviewer_and_test_director,SELECTION REQUIRED,NOT APPROVED,R141 snapshot; prior record-level history NOT BACKFILLED,PARTIAL - ROLES CANDIDATE; PEOPLE/SIGNATURE/HISTORY OPEN,"PRELIMINARY - NOT APPROVED FOR FABRICATION, CONNECTION, MOTION, OR ENERGIZATION"
gate,EG-021,safety_test,E2,partial,independent_test_witness,SELECTION REQUIRED,Disconnected-load TEST-E2-002 subset of TEST-SAFE-001 through TEST-SAFE-003 with synchronized hardware traces and software-authority logs; no stopping-distance or loaded-interruption credit,docs/hr-v0-e2-control-only-energization-p0.1.md; tests/e2/hr-v0-e2-control-only-sequence.csv; tests/forms/hr-v0-e2-safety-logic-template.csv; tests/forms/hr-v0-e2-software-authority-template-p0.1.csv; tests/procedures/procedure-registry.csv; tools/check_hr_v0_e2_commissioning.py; docs/hr-v0-e2-hardware-p0.4.md; electrical/e2/hr-v0-e2-hardware-p0.4/; release/hr-v0/e2-hardware-p0.4/; tools/generate_hr_v0_e2_hardware_slice_p04.py; tools/check_hr_v0_e2_hardware_slice_p04.py; HR-V0-E2-EVIDENCE-P0.2; docs/hr-v0-e2-evidence-parity-p0.2.md; tests/e2/hr-v0-e2-evidence-contract-p0.2/; tools/check_hr_v0_e2_evidence_parity_p02.py; docs/hr-v0-safety-requirements-p0.2.md; release/hr-v0/safety-requirements-p0.2/; requirements/hr-v0-gate-evidence-supplement-r218.csv; tools/check_hr_v0_safety_requirements_p02.py; docs/hr-v0-functional-safety-review-route-p0.1.md; release/hr-v0/functional-safety-review-route-p0.1/; requirements/hr-v0-gate-evidence-supplement-r219.csv; tools/check_hr_v0_functional_safety_review_route_p01.py,qualified_functional_safety_reviewer_and_test_director,SELECTION REQUIRED,NOT APPROVED,R141 snapshot; prior record-level history NOT BACKFILLED,PARTIAL - ROLES CANDIDATE; PEOPLE/SIGNATURE/HISTORY OPEN,"PRELIMINARY - NOT APPROVED FOR FABRICATION, CONNECTION, MOTION, OR ENERGIZATION"
gate,EG-022,review,E2,partial,qualified_reviewers,SELECTION REQUIRED,Signed test-director electrical functional-safety and independent-witness authorization with competence independence expiry revocation shutdown controls and paired EG-021 evidence,docs/hr-v0-e2-control-only-energization-p0.1.md; tests/e2/hr-v0-e2-control-only-sequence.csv; tests/forms/hr-v0-e2-authorization-template.csv; tests/procedures/procedure-registry.csv; tools/check_hr_v0_e2_commissioning.py; docs/hr-v0-e2-hardware-p0.4.md; electrical/e2/hr-v0-e2-hardware-p0.4/; release/hr-v0/e2-hardware-p0.4/; tools/generate_hr_v0_e2_hardware_slice_p04.py; tools/check_hr_v0_e2_hardware_slice_p04.py; docs/reviews/2026-08-09-r172-independent-review-request.md; tests/forms/hr-v0-rpi-os-sbom-target-verification-template-p0.1.csv; requirements/hr-v0-gate-evidence-supplement-r172.csv; docs/hr-v0-boston-site-jurisdiction-p0.2.md; configuration/hr-v0-boston-site-p0.2/premises-input-template.csv; configuration/hr-v0-boston-site-p0.2/hold-register.csv; requirements/hr-v0-gate-evidence-supplement-r194.csv; HR-V0-E2-EVIDENCE-P0.2; docs/hr-v0-e2-evidence-parity-p0.2.md; tests/e2/hr-v0-e2-evidence-contract-p0.2/; tests/forms/hr-v0-e2-authorization-template-p0.2.csv; tools/check_hr_v0_e2_evidence_parity_p02.py; docs/hr-v0-safety-requirements-p0.2.md; release/hr-v0/safety-requirements-p0.2/; requirements/hr-v0-gate-evidence-supplement-r218.csv; tools/check_hr_v0_safety_requirements_p02.py; docs/hr-v0-functional-safety-review-route-p0.1.md; release/hr-v0/functional-safety-review-route-p0.1/; requirements/hr-v0-gate-evidence-supplement-r219.csv; tools/check_hr_v0_functional_safety_review_route_p01.py,program_owner_and_all_required_qualified_reviewers,SELECTION REQUIRED,NOT APPROVED,R141 snapshot; prior record-level history NOT BACKFILLED,PARTIAL - ROLES CANDIDATE; PEOPLE/SIGNATURE/HISTORY OPEN,"PRELIMINARY - NOT APPROVED FOR FABRICATION, CONNECTION, MOTION, OR ENERGIZATION"
gate,EG-023,electrical_test,E3,open,electrical_test_owner,SELECTION REQUIRED,No-load voltage ripple discharge OVP and unexpected-source-interaction record,docs/hr-v0-dynamic-characterization-p0.1.md; test-fixtures/hr-v0/dynamic-characterization-p0.1/dynamic-test-sequence.csv; tests/forms/hr-v0-dynamic-characterization-template.csv,qualified_electrical_reviewer_and_test_director,SELECTION REQUIRED,NOT APPROVED,R141 snapshot; prior record-level history NOT BACKFILLED,PARTIAL - ROLES CANDIDATE; PEOPLE/SIGNATURE/HISTORY OPEN,"PRELIMINARY - NOT APPROVED FOR FABRICATION, CONNECTION, MOTION, OR ENERGIZATION"
gate,EG-024,electrical_test,E3,open,electrical_test_owner,SELECTION REQUIRED,Branch fault matrix fuse/source response and no-backfeed traces,docs/hr-v0-branch-fault-validation-p0.1.md; electrical/hr-v0-branch-fault-matrix-p0.1.csv; tests/forms/hr-v0-branch-fault-validation-template.csv; release/hr-v0/branch-fault-validation-p0.1/index.html; tools/check_hr_v0_branch_fault_validation_p01.py,qualified_electrical_reviewer_and_test_director,SELECTION REQUIRED,NOT APPROVED,R141 snapshot; prior record-level history NOT BACKFILLED,PARTIAL - ROLES CANDIDATE; PEOPLE/SIGNATURE/HISTORY OPEN,"PRELIMINARY - NOT APPROVED FOR FABRICATION, CONNECTION, MOTION, OR ENERGIZATION"
gate,EG-025,controls_test,E4,open,controls_test_owner,SELECTION REQUIRED,Single-joint characterization raw logs and approved limits,docs/hr-v0-dynamic-characterization-p0.1.md; test-fixtures/hr-v0/dynamic-characterization-p0.1/; tests/forms/hr-v0-dynamic-characterization-template.csv; docs/hr-v0-dynamic-instrumentation-p0.1.md; test-equipment/hr-v0/dynamic-instrumentation-p0.1/; tests/forms/hr-v0-dynamic-instrumentation-receiving-template-p0.1.csv; release/hr-v0/dynamic-instrumentation-p0.1/; requirements/hr-v0-gate-evidence-supplement-r175.csv; tools/check_hr_v0_dynamic_instrumentation_p01.py; docs/hr-v0-dynamic-event-interface-p0.1.md; test-equipment/hr-v0/dynamic-event-interface-p0.1/; electrical/kicad/hr-v0-dynamic-event-interface-p0.1/; tests/forms/hr-v0-dynamic-event-interface-receiving-template-p0.1.csv; release/hr-v0/dynamic-event-interface-p0.1/; requirements/hr-v0-gate-evidence-supplement-r176.csv; tools/check_hr_v0_dynamic_event_interface_p01.py; docs/hr-v0-dynamic-event-ain-p0.1.md; test-equipment/hr-v0/dynamic-event-ain-p0.1/; electrical/kicad/hr-v0-dynamic-event-ain-p0.1/; tests/forms/hr-v0-dynamic-event-ain-receiving-template-p0.1.csv; release/hr-v0/dynamic-event-ain-p0.1/; requirements/hr-v0-gate-evidence-supplement-r177.csv; tools/check_hr_v0_dynamic_event_ain_p01.py; docs/hr-v0-event-tap-disposition-p0.1.md; electrical/analysis/hr-v0-event-tap-disposition-p0.1/; electrical/kicad/hr-v0-event-tap-disposition-p0.1/; release/hr-v0/event-tap-disposition-p0.1/; requirements/hr-v0-gate-evidence-supplement-r178.csv; tools/check_hr_v0_event_tap_disposition_p01.py,qualified_controls_reviewer_and_test_director,SELECTION REQUIRED,NOT APPROVED,R141 snapshot; prior record-level history NOT BACKFILLED,PARTIAL - ROLES CANDIDATE; PEOPLE/SIGNATURE/HISTORY OPEN,"PRELIMINARY - NOT APPROVED FOR FABRICATION, CONNECTION, MOTION, OR ENERGIZATION"
gate,EG-026,safety_test,E5,partial,independent_test_witness,SELECTION REQUIRED,Pose/load/fault timing traces statistical bound and guard-clearance reconciliation,docs/hr-v0-dynamic-characterization-p0.1.md; test-fixtures/hr-v0/dynamic-characterization-p0.1/measurement-channel-register.csv; test-fixtures/hr-v0/dynamic-characterization-p0.1/timing-evidence-register.csv; test-fixtures/hr-v0/dynamic-characterization-p0.1/raw-data-schema.csv; docs/hr-v0-stopping-budget-p0.1.md; controls/hr-v0-stopping-budget-p0.1.csv; tests/forms/hr-v0-stopping-time-template-p0.1.csv; tools/check_hr_v0_stopping_budget_p01.py; docs/hr-v0-dynamic-trace-analysis-p0.1.md; analysis/hr-v0/dynamic-trace-p0.1/; tests/forms/hr-v0-dynamic-trace-disposition-template-p0.1.csv; release/hr-v0/dynamic-trace-analysis-p0.1/; requirements/hr-v0-gate-evidence-supplement-r174.csv; tools/analyze_hr_v0_dynamic_trace_p01.py; tools/generate_hr_v0_dynamic_trace_analysis_p01.py; tools/check_hr_v0_dynamic_trace_analysis_p01.py; docs/hr-v0-dynamic-instrumentation-p0.1.md; test-equipment/hr-v0/dynamic-instrumentation-p0.1/; tests/forms/hr-v0-dynamic-instrumentation-receiving-template-p0.1.csv; release/hr-v0/dynamic-instrumentation-p0.1/; requirements/hr-v0-gate-evidence-supplement-r175.csv; tools/check_hr_v0_dynamic_instrumentation_p01.py; docs/hr-v0-dynamic-event-interface-p0.1.md; test-equipment/hr-v0/dynamic-event-interface-p0.1/; electrical/kicad/hr-v0-dynamic-event-interface-p0.1/; tests/forms/hr-v0-dynamic-event-interface-receiving-template-p0.1.csv; release/hr-v0/dynamic-event-interface-p0.1/; requirements/hr-v0-gate-evidence-supplement-r176.csv; tools/check_hr_v0_dynamic_event_interface_p01.py; docs/hr-v0-dynamic-event-ain-p0.1.md; test-equipment/hr-v0/dynamic-event-ain-p0.1/; electrical/kicad/hr-v0-dynamic-event-ain-p0.1/; tests/forms/hr-v0-dynamic-event-ain-receiving-template-p0.1.csv; release/hr-v0/dynamic-event-ain-p0.1/; requirements/hr-v0-gate-evidence-supplement-r177.csv; tools/check_hr_v0_dynamic_event_ain_p01.py; docs/hr-v0-event-tap-disposition-p0.1.md; electrical/analysis/hr-v0-event-tap-disposition-p0.1/; electrical/kicad/hr-v0-event-tap-disposition-p0.1/; release/hr-v0/event-tap-disposition-p0.1/; requirements/hr-v0-gate-evidence-supplement-r178.csv; tools/check_hr_v0_event_tap_disposition_p01.py; docs/hr-v0-safety-requirements-p0.2.md; release/hr-v0/safety-requirements-p0.2/; requirements/hr-v0-gate-evidence-supplement-r218.csv; tools/check_hr_v0_safety_requirements_p02.py; docs/hr-v0-functional-safety-review-route-p0.1.md; release/hr-v0/functional-safety-review-route-p0.1/; requirements/hr-v0-gate-evidence-supplement-r219.csv; tools/check_hr_v0_functional_safety_review_route_p01.py,qualified_functional_safety_reviewer_and_test_director,SELECTION REQUIRED,NOT APPROVED,R141 snapshot; prior record-level history NOT BACKFILLED,PARTIAL - ROLES CANDIDATE; PEOPLE/SIGNATURE/HISTORY OPEN,"PRELIMINARY - NOT APPROVED FOR FABRICATION, CONNECTION, MOTION, OR ENERGIZATION"
gate,EG-027,thermal_test,E5,open,thermal_test_owner,SELECTION REQUIRED,Thermal/current/voltage logs at released ambient and duty,NOT EXECUTED,qualified_thermal_reviewer_and_test_director,SELECTION REQUIRED,NOT APPROVED,R141 snapshot; prior record-level history NOT BACKFILLED,PARTIAL - ROLES CANDIDATE; PEOPLE/SIGNATURE/HISTORY OPEN,"PRELIMINARY - NOT APPROVED FOR FABRICATION, CONNECTION, MOTION, OR ENERGIZATION"
gate,EG-028,mechanical_test,E5,open,mechanical_test_owner,SELECTION REQUIRED,TEST-MECH-001 and TEST-GRIP-001 signed raw records,NOT EXECUTED,qualified_mechanical_reviewer_and_test_director,SELECTION REQUIRED,NOT APPROVED,R141 snapshot; prior record-level history NOT BACKFILLED,PARTIAL - ROLES CANDIDATE; PEOPLE/SIGNATURE/HISTORY OPEN,"PRELIMINARY - NOT APPROVED FOR FABRICATION, CONNECTION, MOTION, OR ENERGIZATION"
gate,EG-029,system_test,E6,open,system_test_owner,SELECTION REQUIRED,TEST-HAND-001 logs video fault record and teardown inspection,NOT EXECUTED,test_director_and_qualified_systems_safety_reviewers,SELECTION REQUIRED,NOT APPROVED,R141 snapshot; prior record-level history NOT BACKFILLED,PARTIAL - ROLES CANDIDATE; PEOPLE/SIGNATURE/HISTORY OPEN,"PRELIMINARY - NOT APPROVED FOR FABRICATION, CONNECTION, MOTION, OR ENERGIZATION"
gate,EG-030,release,E6,open,program_owner,SELECTION REQUIRED,Completed gate register residual-risk record and signed release certificate,NOT EXECUTED,program_owner_and_all_required_qualified_reviewers,SELECTION REQUIRED,NOT APPROVED,R141 snapshot; prior record-level history NOT BACKFILLED,PARTIAL - ROLES CANDIDATE; PEOPLE/SIGNATURE/HISTORY OPEN,"PRELIMINARY - NOT APPROVED FOR FABRICATION, CONNECTION, MOTION, OR ENERGIZATION"
